{"type":"FeatureCollection","properties":{"source":"dialect_areas.csv","simplify_deg":0.0001,"unit":"one feature per municipality","unassigned_ags":"01054","built_from":{"dialect_areas.csv":"bf7cd03c07295122d38bf11390c82a05075c4738","dialects.csv":"ca69b19fd53fe4cb3186c52b5d509379e80e3e2a","extracts":[{"file":"schleswig-holstein-latest.osm.pbf","replication_timestamp":"2026-09-22T20:22:59Z"}]}},"features":[{"type":"Feature","properties":{"fid":1,"assigned":true,"dialect":"frr-x-solring","name":"Sylt","note":"municipality","osm":"relation/1147134","line":2,"km2":57.2},"geometry":{"type":"Polygon","coordinates":[[[8.5658222,54.8848119],[8.5168724,54.8830636],[8.5115632,54.8825538],[8.5049957,54.8812713],[8.5008695,54.8800408],[8.4833919,54.8740066],[8.481954,54.8727285],[8.4805419,54.8720682],[8.4803375,54.8717497],[8.4784295,54.8702623],[8.4773887,54.8699549],[8.4768654,54.8695857],[8.4750846,54.8689559],[8.4730859,54.8679876],[8.469106,54.8654766],[8.466906,54.8646603],[8.4659249,54.8644561],[8.4627406,54.8629348],[8.4608925,54.861861],[8.4580135,54.8608196],[8.4559879,54.8598643],[8.4543298,54.8597421],[8.4508362,54.8590448],[8.4489088,54.8591862],[8.4477009,54.8590712],[8.4446328,54.8583926],[8.4428917,54.8578],[8.4429965,54.8576878],[8.441347,54.8569771],[8.4408443,54.8565145],[8.4399481,54.856318],[8.4400833,54.8562223],[8.4395653,54.855985],[8.4371639,54.8550523],[8.4357414,54.8547644],[8.4351686,54.8548284],[8.4338822,54.8546129],[8.4321718,54.8547871],[8.4301864,54.8546688],[8.4299109,54.8548235],[8.4282949,54.8550268],[8.4264408,54.8550637],[8.4262166,54.855222],[8.4242864,54.8549292],[8.4230256,54.8545375],[8.4210158,54.8534098],[8.4200033,54.8521781],[8.4205837,54.8516897],[8.4212919,54.8514322],[8.4215436,54.8508093],[8.4224947,54.8502859],[8.422667,54.8498249],[8.4224917,54.8493846],[8.420896,54.8482104],[8.4193925,54.8475774],[8.4181695,54.8472154],[8.4159134,54.8470432],[8.4150415,54.8471731],[8.4115438,54.8470578],[8.4056198,54.8484371],[8.4043597,54.8484263],[8.4023387,54.8487374],[8.3980542,54.85052],[8.3967509,54.8509019],[8.3959199,54.8514819],[8.3935594,54.8526213],[8.3920444,54.8537208],[8.389394,54.854707],[8.3880557,54.8549122],[8.3872772,54.8552965],[8.3856539,54.8556958],[8.3832597,54.8568546],[8.3812019,54.8573824],[8.380819,54.8573425],[8.3789904,54.8583294],[8.3753498,54.8608018],[8.374983,54.8614111],[8.3738048,54.8626476],[8.3687342,54.8694413],[8.3668856,54.8726843],[8.3667635,54.8733415],[8.3663802,54.8740157],[8.3653924,54.8753234],[8.3641466,54.8761704],[8.3641288,54.8765428],[8.3637889,54.8763735],[8.3620209,54.8764083],[8.3615692,54.8758963],[8.3605717,54.8756877],[8.3584693,54.8760871],[8.3562759,54.8761594],[8.3549123,54.8759545],[8.3474034,54.8762659],[8.3462473,54.8766299],[8.3449611,54.877473],[8.3433312,54.8787544],[8.3422814,54.880032],[8.3405357,54.8814202],[8.3391428,54.8803774],[8.338,54.8792091],[8.3332821,54.8734154],[8.3327932,54.8726312],[8.3325643,54.8717543],[8.3326247,54.8709177],[8.3337253,54.8669927],[8.3338206,54.8659787],[8.3332258,54.8645157],[8.3319496,54.8633273],[8.3300354,54.8623971],[8.3281364,54.8619305],[8.3099728,54.8597837],[8.308343,54.8594219],[8.3061406,54.8584608],[8.3040502,54.8568125],[8.3040287,54.856638],[8.3050505,54.8561761],[8.3073801,54.8557339],[8.307789,54.8558478],[8.3080622,54.855733],[8.308025,54.8555445],[8.307231,54.8554991],[8.3044387,54.8560146],[8.3040751,54.8562417],[8.3033998,54.8562506],[8.3021351,54.8552649],[8.3026623,54.8548749],[8.3024837,54.8545833],[8.3026434,54.8540734],[8.3025323,54.853927],[8.3028327,54.853969],[8.3028366,54.8536688],[8.3021649,54.8522425],[8.2994109,54.849411],[8.2994978,54.848993],[8.2994052,54.8487296],[8.2991708,54.8486331],[8.2993039,54.8483782],[8.2990567,54.848204],[8.299182,54.847527],[8.298922,54.8466899],[8.2990501,54.8457868],[8.2978375,54.8440099],[8.2965836,54.8432508],[8.2964262,54.8428388],[8.2958782,54.8424091],[8.2956364,54.841698],[8.2953446,54.841644],[8.2952288,54.8414454],[8.2955603,54.8407681],[8.2960869,54.838268],[8.2968073,54.8367201],[8.2968541,54.8348561],[8.2956596,54.8311222],[8.2941202,54.8286563],[8.293783,54.8273096],[8.2938802,54.8255287],[8.2942177,54.8246245],[8.2949131,54.8235255],[8.2957082,54.8213319],[8.2963972,54.82093],[8.2975557,54.8198548],[8.2991403,54.8181725],[8.2994361,54.8176723],[8.2994467,54.8167318],[8.2985317,54.8155639],[8.2983354,54.8150327],[8.2984987,54.8141753],[8.2983575,54.8137854],[8.2968345,54.8129932],[8.2963177,54.8124322],[8.2978549,54.8086428],[8.2989404,54.8070353],[8.2995344,54.8046148],[8.2993393,54.8033229],[8.2996061,54.8025769],[8.2981834,54.8007603],[8.2974111,54.8011463],[8.2951985,54.7998373],[8.2952663,54.7994861],[8.2945639,54.7985333],[8.2946702,54.7983485],[8.29417,54.796746],[8.2951235,54.7938459],[8.2940986,54.7937221],[8.2818002,54.7957993],[8.2820584,54.8017395],[8.2824896,54.805461],[8.2830066,54.8144429],[8.2833885,54.8184589],[8.2840596,54.823407],[8.2843466,54.8271563],[8.2850092,54.8270955],[8.2852915,54.8299066],[8.2845373,54.8298932],[8.2849203,54.8369783],[8.2853928,54.8412235],[8.2858964,54.8503515],[8.2863859,54.8555598],[8.2877502,54.8645846],[8.2881915,54.8695555],[8.2879855,54.8721375],[8.2883242,54.8735258],[8.287961,54.8740087],[8.2882994,54.8746351],[8.2881057,54.8759332],[8.2886002,54.8769583],[8.2884924,54.8775536],[8.2888187,54.8791025],[8.2885474,54.8805603],[8.2890006,54.8820933],[8.2890445,54.8829696],[8.2895919,54.8835153],[8.2902183,54.8877128],[8.2909312,54.890806],[8.2928434,54.895598],[8.2958316,54.9050168],[8.2974863,54.9090809],[8.2994983,54.9133854],[8.3018082,54.9178196],[8.3048687,54.9221222],[8.3076206,54.9263748],[8.3101342,54.9306689],[8.3225376,54.9269612],[8.3336909,54.9260609],[8.3407129,54.9244508],[8.3567832,54.9273029],[8.3620836,54.9280705],[8.3625544,54.9269505],[8.3624621,54.9264999],[8.3616644,54.9250734],[8.3614344,54.9241361],[8.3615702,54.9241321],[8.3617096,54.9233592],[8.3621627,54.9233936],[8.3631929,54.922915],[8.3641058,54.9229196],[8.3651547,54.9233431],[8.3654481,54.9240879],[8.3657978,54.9241772],[8.3654949,54.9240318],[8.3657317,54.9238527],[8.3664431,54.924025],[8.3661692,54.9235776],[8.3650746,54.9226385],[8.3634769,54.921837],[8.363933,54.9215371],[8.363184,54.9211222],[8.3632409,54.9208765],[8.3629744,54.9205894],[8.3617845,54.9205646],[8.361346,54.9201322],[8.3608576,54.9191831],[8.3607861,54.9177621],[8.3634471,54.9152603],[8.3627296,54.9149913],[8.3621085,54.9142835],[8.3623639,54.9125761],[8.3620807,54.9118114],[8.3623447,54.9104429],[8.3621191,54.9098217],[8.3624693,54.9091946],[8.3633972,54.9085815],[8.3641712,54.9066665],[8.3645867,54.9062724],[8.3650532,54.9053531],[8.3664499,54.903499],[8.3668592,54.9031323],[8.3677066,54.9017629],[8.3682176,54.9015594],[8.3688788,54.9009048],[8.3686537,54.9008214],[8.3698631,54.8995928],[8.3710089,54.8987738],[8.372394,54.8973766],[8.3757474,54.895019],[8.3755368,54.8946626],[8.3763503,54.8942293],[8.3762271,54.8940292],[8.3757825,54.8941868],[8.375801,54.8940283],[8.3774189,54.8935949],[8.3786799,54.8928143],[8.3821881,54.8914034],[8.3830825,54.8909009],[8.3844583,54.8907485],[8.3852815,54.8904293],[8.3877487,54.8899351],[8.3931302,54.8891216],[8.4005796,54.8863073],[8.4021429,54.8855805],[8.4044073,54.8849188],[8.4065357,54.8840471],[8.4100557,54.8822325],[8.4102191,54.8823395],[8.4138735,54.8813984],[8.4219348,54.8787696],[8.4224576,54.8784388],[8.4242896,54.8783059],[8.4247782,54.8778453],[8.4252834,54.8777432],[8.427178,54.877521],[8.4273213,54.8776707],[8.4278866,54.8776632],[8.4317519,54.8772013],[8.4322456,54.8770258],[8.4332904,54.8770851],[8.435232,54.8766697],[8.4378555,54.8768047],[8.4390494,54.8766129],[8.4407183,54.8767152],[8.4410499,54.8765397],[8.4432872,54.8768344],[8.44445,54.8772482],[8.446803,54.8774999],[8.4500212,54.8774581],[8.4533724,54.8769115],[8.4561441,54.8770614],[8.4582181,54.8768924],[8.4607351,54.8771054],[8.4610563,54.8768987],[8.4619702,54.8768248],[8.4653257,54.8774875],[8.4692903,54.8778654],[8.4720228,54.8776382],[8.4732444,54.8772556],[8.4778665,54.8768277],[8.4837916,54.8758597],[8.4842232,54.8754895],[8.4838807,54.8748064],[8.5032456,54.881304],[8.5083091,54.8824848],[8.512139,54.8830893],[8.5177335,54.8835579],[8.5657753,54.8852549],[8.5658222,54.8848119]]]}},{"type":"Feature","properties":{"fid":2,"assigned":true,"dialect":"frr-x-solring","name":"Kampen (Sylt)","note":"municipality","osm":"relation/1147133","line":3,"km2":8.4},"geometry":{"type":"Polygon","coordinates":[[[8.3219275,54.9496962],[8.3223583,54.9495272],[8.3234168,54.9484527],[8.3261392,54.9476043],[8.33604,54.9454676],[8.341656,54.9439198],[8.34325,54.9420851],[8.3416071,54.9406641],[8.3460471,54.9405302],[8.3484597,54.9408825],[8.3479036,54.9432108],[8.3634168,54.9443695],[8.3627069,54.9447633],[8.3622419,54.9452945],[8.3610835,54.9472914],[8.3604932,54.9479054],[8.3591598,54.9498992],[8.3585718,54.9512714],[8.3587586,54.9523987],[8.3601999,54.9558057],[8.3614578,54.957024],[8.3595577,54.9585148],[8.3588492,54.9597628],[8.3580902,54.9617386],[8.3570206,54.9635317],[8.355265,54.965069],[8.3546352,54.9654706],[8.3518978,54.9665611],[8.3520613,54.9666934],[8.3517298,54.9669384],[8.3524476,54.9677616],[8.3544786,54.9691666],[8.355047,54.9698102],[8.3552277,54.9703994],[8.3557863,54.9711974],[8.3584765,54.9726267],[8.3600724,54.9742013],[8.3611817,54.9764244],[8.3632744,54.9783441],[8.3650038,54.9810905],[8.3662051,54.9824124],[8.3687717,54.9865283],[8.3708053,54.9887159],[8.3528233,54.9919308],[8.3506567,54.9889765],[8.3487545,54.9854697],[8.3473824,54.9835756],[8.3402814,54.9747776],[8.3390031,54.9729295],[8.3377552,54.9717477],[8.3348642,54.9683819],[8.3338228,54.9668124],[8.3324199,54.9652776],[8.3324982,54.9650389],[8.3333194,54.9649462],[8.3311371,54.9630748],[8.3261884,54.955665],[8.3257333,54.955727],[8.3219275,54.9496962]]]}},{"type":"Feature","properties":{"fid":3,"assigned":true,"dialect":"frr-x-solring","name":"Wenningstedt-Braderup (Sylt)","note":"municipality","osm":"relation/1141531","line":4,"km2":6.2},"geometry":{"type":"Polygon","coordinates":[[[8.3634168,54.9443695],[8.3479036,54.9432108],[8.3484597,54.9408825],[8.3460471,54.9405302],[8.3416071,54.9406641],[8.34325,54.9420851],[8.341656,54.9439198],[8.33604,54.9454676],[8.3261392,54.9476043],[8.3234168,54.9484527],[8.3223583,54.9495272],[8.3219275,54.9496962],[8.3151225,54.9391598],[8.3110847,54.9320182],[8.3101342,54.9306689],[8.3225376,54.9269612],[8.3336909,54.9260609],[8.3407129,54.9244508],[8.3567832,54.9273029],[8.3621676,54.9280776],[8.3608776,54.9296633],[8.3605736,54.9303049],[8.3609841,54.9317153],[8.3599385,54.9333366],[8.3597357,54.9342314],[8.3606125,54.9369259],[8.3604627,54.9369387],[8.3604394,54.9376929],[8.3608514,54.9385529],[8.3609713,54.9387277],[8.3612722,54.9387546],[8.36427,54.9422406],[8.3644142,54.9426082],[8.3640071,54.9439756],[8.3634168,54.9443695]]]}},{"type":"Feature","properties":{"fid":4,"assigned":true,"dialect":"frr-x-solring","name":"List auf Sylt","note":"municipality","osm":"relation/1141533","line":5,"km2":18.4},"geometry":{"type":"Polygon","coordinates":[[[8.3708053,54.9887159],[8.3532251,54.9918619],[8.355528,54.9944004],[8.355909,54.9952597],[8.3601835,55.0017582],[8.360677,55.002998],[8.3641101,55.0070509],[8.3649706,55.008581],[8.3650785,55.0093214],[8.3673441,55.0131548],[8.3713851,55.0180208],[8.3770052,55.026438],[8.3851973,55.0391625],[8.3906016,55.046291],[8.3961347,55.0518036],[8.3981165,55.0533286],[8.4046477,55.054924],[8.4136107,55.0563797],[8.4150526,55.0561553],[8.4173977,55.056207],[8.4203467,55.0557179],[8.4225769,55.0551536],[8.4237429,55.0546022],[8.4267285,55.0537361],[8.4272225,55.0525707],[8.4319804,55.0507409],[8.4366807,55.0502565],[8.4445017,55.0499462],[8.4490435,55.049283],[8.452913,55.0479994],[8.45601,55.0474532],[8.4607615,55.0470657],[8.4628461,55.0465246],[8.4634113,55.0460485],[8.4626691,55.0456486],[8.4606681,55.0451571],[8.4568158,55.0445048],[8.4550086,55.0444735],[8.4518966,55.0440901],[8.4500815,55.0437163],[8.4500578,55.0435801],[8.4470095,55.0434717],[8.4445828,55.0441324],[8.4418302,55.0452365],[8.4392043,55.0463383],[8.4359952,55.0480278],[8.4330183,55.0488728],[8.4317894,55.0487293],[8.4313032,55.0488358],[8.4306908,55.0487099],[8.4278484,55.0487051],[8.4255752,55.0468023],[8.4234428,55.0469368],[8.4212583,55.0467413],[8.4153723,55.0470213],[8.4128783,55.0466787],[8.4062839,55.0466511],[8.4014808,55.0469763],[8.3967707,55.0461523],[8.3960993,55.0457643],[8.3956296,55.0452051],[8.395445,55.0442819],[8.3968603,55.042871],[8.397738,55.0413049],[8.3976665,55.0392489],[8.3981043,55.0380254],[8.3981264,55.0369355],[8.3989086,55.0352084],[8.4056435,55.0342624],[8.4072617,55.0346628],[8.4110672,55.0347353],[8.413232,55.0349695],[8.4139091,55.0348446],[8.4162119,55.0352761],[8.4188578,55.0352775],[8.4212982,55.0346606],[8.4214979,55.0342546],[8.4239155,55.0333509],[8.4257861,55.031995],[8.4268616,55.0308203],[8.4268757,55.0305688],[8.4303941,55.0260492],[8.431116,55.0254016],[8.4371333,55.0239454],[8.4374378,55.024547],[8.4370822,55.0249732],[8.4359274,55.025878],[8.4348782,55.0262794],[8.4355285,55.0265276],[8.437129,55.0256313],[8.4383253,55.0240835],[8.4401028,55.0230379],[8.4404698,55.0226787],[8.4403081,55.0220992],[8.4404494,55.0220096],[8.4401417,55.0219476],[8.4403413,55.0218556],[8.4399671,55.0217688],[8.43909,55.0209373],[8.4392269,55.0180827],[8.441206,55.017848],[8.4411857,55.0177068],[8.4400096,55.0178119],[8.4403434,55.0172873],[8.440183,55.0171529],[8.4412224,55.0167365],[8.4404334,55.0160733],[8.4398749,55.0159476],[8.4395005,55.016095],[8.4387719,55.0158776],[8.4353796,55.015468],[8.4330297,55.014936],[8.4231861,55.0106244],[8.4206413,55.0097066],[8.4146177,55.0079412],[8.4151717,55.0076155],[8.4108243,55.0064648],[8.408942,55.0058045],[8.4060332,55.0052281],[8.3996594,55.0049473],[8.397849,55.0046995],[8.3939183,55.0044887],[8.3914964,55.0037958],[8.391541,55.0033439],[8.3925015,55.0031222],[8.392022,55.0025716],[8.390631,55.0017208],[8.3906716,55.0014122],[8.3896861,55.0002003],[8.3886145,54.9998438],[8.3852677,54.9993512],[8.3843319,54.9990321],[8.3816509,54.9973076],[8.3776146,54.9956563],[8.376872,54.9943266],[8.3724113,54.9912848],[8.3726635,54.9911816],[8.3722597,54.9908537],[8.3722767,54.9906562],[8.3715496,54.9900819],[8.3708053,54.9887159]]]}},{"type":"Feature","properties":{"fid":5,"assigned":true,"dialect":"frr-x-solring","name":"Hörnum (Sylt)","note":"municipality","osm":"relation/1141532","line":6,"km2":5.6},"geometry":{"type":"Polygon","coordinates":[[[8.2951235,54.7938459],[8.2940986,54.7937221],[8.2818002,54.7957993],[8.2813534,54.7925885],[8.2814734,54.791995],[8.2815191,54.7862092],[8.2806251,54.7785256],[8.2802149,54.7695423],[8.2801849,54.7650454],[8.2796744,54.7629147],[8.2796492,54.7622502],[8.2793965,54.7617548],[8.278988,54.7575732],[8.2792402,54.7575683],[8.2792855,54.7573132],[8.279225,54.7558513],[8.2802311,54.7558413],[8.2803023,54.7552379],[8.2787369,54.7552592],[8.2785095,54.7524234],[8.2796382,54.752359],[8.2807068,54.7506438],[8.282801,54.7488023],[8.2868523,54.7433378],[8.2881261,54.7419387],[8.2890553,54.741219],[8.2915934,54.740702],[8.2935962,54.7408469],[8.2968071,54.7418305],[8.2978851,54.7424771],[8.2982943,54.7438335],[8.2976584,54.7446922],[8.2950532,54.7471746],[8.2947118,54.748053],[8.2941686,54.750736],[8.2942904,54.7517788],[8.2939021,54.7526749],[8.2938004,54.7533584],[8.2936515,54.7533841],[8.293603,54.7550453],[8.2940379,54.7564332],[8.2949348,54.7573623],[8.29547,54.75765],[8.2960496,54.7575363],[8.2968673,54.7576314],[8.2977562,54.7580997],[8.2984176,54.7590663],[8.2966328,54.7589656],[8.2964583,54.760069],[8.2989968,54.7635169],[8.3000804,54.7632576],[8.3003847,54.7636802],[8.2998047,54.7638184],[8.2998171,54.7652543],[8.3000332,54.7657603],[8.3004448,54.7660451],[8.300233,54.7666152],[8.300472,54.7669893],[8.2998552,54.7672553],[8.2993261,54.7680194],[8.3004993,54.7677807],[8.3001247,54.7689615],[8.2999064,54.7689698],[8.3000251,54.7694939],[8.2997235,54.7713903],[8.2998536,54.7735562],[8.2967939,54.7755429],[8.2938983,54.7780014],[8.2935363,54.7809586],[8.2924246,54.7848942],[8.2919905,54.7858161],[8.2927243,54.7896673],[8.2930067,54.790363],[8.2951235,54.7938459]]]}},{"type":"Feature","properties":{"fid":6,"assigned":true,"dialect":"frr-x-fering","name":"Wyk auf Föhr","note":"municipality","osm":"relation/1428590","line":7,"km2":8.1},"geometry":{"type":"Polygon","coordinates":[[[8.5835993,54.7266194],[8.5817578,54.7259187],[8.5818739,54.7257893],[8.5817867,54.7256264],[8.5792519,54.7223422],[8.573984,54.7209379],[8.5699039,54.7169539],[8.5597327,54.7060758],[8.5536586,54.6991977],[8.5535807,54.6990509],[8.5538717,54.6988304],[8.552403,54.6973996],[8.5520722,54.6974604],[8.5522866,54.6972601],[8.55164,54.6967058],[8.5508389,54.696347],[8.5518861,54.6975572],[8.5514563,54.6978251],[8.5502708,54.6964319],[8.550121,54.6964675],[8.5496728,54.6960506],[8.5482276,54.6943195],[8.5483128,54.6942162],[8.5469448,54.6940161],[8.5444819,54.6908681],[8.5455668,54.6910103],[8.5440122,54.6893074],[8.5422521,54.6897624],[8.5407744,54.6879294],[8.5376876,54.6890284],[8.5366142,54.6891354],[8.5337254,54.6850148],[8.5301991,54.6858801],[8.5324502,54.6890017],[8.5297712,54.6892509],[8.525669,54.6835212],[8.5263792,54.6834597],[8.5258345,54.6813653],[8.526023,54.6815091],[8.5275754,54.6817303],[8.5308294,54.681955],[8.5309681,54.6816964],[8.5367376,54.681075],[8.540922,54.6803365],[8.5522855,54.6794843],[8.5583967,54.679489],[8.561685,54.6796568],[8.5634237,54.6798385],[8.5664334,54.6805681],[8.567331,54.6814341],[8.5692251,54.684579],[8.5704255,54.6878269],[8.5711381,54.6887911],[8.5714557,54.688653],[8.5715481,54.6887872],[8.5711551,54.6888136],[8.5729103,54.6907716],[8.5737916,54.6914529],[8.5752516,54.6919044],[8.5769555,54.6920142],[8.5769196,54.6923955],[8.5781455,54.692485],[8.5786932,54.6943512],[8.5758627,54.696472],[8.5753963,54.6999444],[8.5749772,54.7007893],[8.5749223,54.7014157],[8.5751201,54.7017737],[8.5791133,54.7055355],[8.5797466,54.7072806],[8.5806983,54.7088648],[8.5842212,54.7127164],[8.5851528,54.7134441],[8.5881996,54.7148773],[8.5904952,54.7154972],[8.5917432,54.7161725],[8.5950039,54.7172131],[8.597015,54.7186038],[8.5969503,54.7189129],[8.5960309,54.7198351],[8.5924876,54.7226498],[8.590703,54.7234453],[8.5867389,54.724806],[8.5845783,54.7259314],[8.5835993,54.7266194]]]}},{"type":"Feature","properties":{"fid":7,"assigned":true,"dialect":"frr-x-fering","name":"Alkersum","note":"municipality","osm":"relation/1428588","line":8,"km2":9.1},"geometry":{"type":"Polygon","coordinates":[[[8.5038513,54.744372],[8.5055679,54.7443685],[8.5069837,54.7446457],[8.5071517,54.7370371],[8.5071195,54.7369029],[8.5036205,54.7350583],[8.5091822,54.7300055],[8.5093961,54.7263728],[8.5128537,54.7231658],[8.5137418,54.7193726],[8.5133208,54.7193474],[8.5157449,54.7167318],[8.5133748,54.7158223],[8.5149568,54.7151567],[8.5147886,54.7150501],[8.5154267,54.7147836],[8.5182388,54.7139941],[8.5175926,54.7130195],[8.5165284,54.7119909],[8.518317,54.7115559],[8.5182679,54.7103216],[8.5161876,54.7081113],[8.5179964,54.7078853],[8.5175934,54.7066572],[8.5181594,54.7065805],[8.517724,54.7057031],[8.5121203,54.6984299],[8.5176235,54.6971101],[8.5156457,54.6926776],[8.5041185,54.6924975],[8.4964213,54.6926034],[8.4971888,54.6939601],[8.4975216,54.6940602],[8.4945854,54.6958662],[8.4956076,54.6964653],[8.4935649,54.6975591],[8.4949439,54.6987062],[8.4892762,54.6988303],[8.489466,54.7019461],[8.4838079,54.7020647],[8.4845175,54.7137935],[8.4844703,54.7139461],[8.4827084,54.7142792],[8.4822111,54.7146177],[8.4816866,54.7165264],[8.4816132,54.7193483],[8.4811247,54.7200074],[8.4802392,54.7204633],[8.4793149,54.7211995],[8.4788901,54.7219369],[8.4789101,54.722608],[8.479224,54.7231245],[8.4827883,54.7264499],[8.4827904,54.7271585],[8.4821002,54.7276308],[8.4824992,54.7277645],[8.484922,54.7310161],[8.4903947,54.7337479],[8.492146,54.7355924],[8.4973779,54.7374529],[8.5015607,54.7422356],[8.5038513,54.744372]]]}},{"type":"Feature","properties":{"fid":8,"assigned":true,"dialect":"frr-x-fering","name":"Borgsum","note":"municipality","osm":"relation/1428594","line":9,"km2":5.5},"geometry":{"type":"Polygon","coordinates":[[[8.438836,54.71283],[8.4559308,54.7138881],[8.4560806,54.7143323],[8.4572993,54.7157768],[8.4597369,54.7174693],[8.4609444,54.7172941],[8.4657508,54.7179624],[8.4671502,54.7177131],[8.4674063,54.718516],[8.4676748,54.7185056],[8.4683671,54.7199309],[8.4697159,54.7197054],[8.4707743,54.7199427],[8.4718357,54.7195716],[8.4744322,54.7197788],[8.4753189,54.7217971],[8.4789204,54.721827],[8.479411,54.7211086],[8.4811247,54.7200074],[8.4815601,54.7194652],[8.4817286,54.7181858],[8.4816866,54.7165264],[8.4822111,54.7146177],[8.4828758,54.7142234],[8.4844703,54.7139461],[8.484248,54.7087752],[8.4785616,54.7091035],[8.4785588,54.7086073],[8.4791083,54.7079595],[8.4790256,54.7076465],[8.4788707,54.7075995],[8.471573,54.7078786],[8.4702964,54.7055765],[8.4696362,54.7040007],[8.4705346,54.7015998],[8.470102,54.7008044],[8.4696994,54.6994975],[8.4683809,54.698355],[8.4676038,54.6974364],[8.4673049,54.6973724],[8.4669424,54.6968679],[8.4653547,54.695839],[8.4649896,54.695913],[8.4637982,54.6943345],[8.4605776,54.6950211],[8.4594159,54.6933489],[8.4579662,54.6927131],[8.4507253,54.6931929],[8.450547,54.6931943],[8.4505656,54.6929178],[8.4481394,54.6928694],[8.4493762,54.6947357],[8.4513387,54.6945196],[8.452734,54.696544],[8.4495379,54.6973523],[8.4483439,54.6974754],[8.449558,54.6989868],[8.4461588,54.6997006],[8.4467629,54.700834],[8.4435779,54.7015323],[8.4436554,54.701677],[8.4381863,54.702477],[8.4390979,54.7045789],[8.4361243,54.7051708],[8.4358431,54.7045191],[8.4280211,54.7060698],[8.4297625,54.7087747],[8.4371967,54.707307],[8.438578,54.7105534],[8.438836,54.71283]]]}},{"type":"Feature","properties":{"fid":9,"assigned":true,"dialect":"frr-x-fering","name":"Dunsum","note":"municipality","osm":"relation/1428584","line":10,"km2":2.7},"geometry":{"type":"Polygon","coordinates":[[[8.4048287,54.7300454],[8.4082269,54.7340253],[8.4114771,54.7371934],[8.4203601,54.7427394],[8.4246141,54.7438803],[8.4255981,54.7444638],[8.4267216,54.7456977],[8.4272897,54.7460329],[8.4334892,54.7467363],[8.433571,54.7469461],[8.4350657,54.7478383],[8.4368279,54.7481789],[8.4354615,54.74559],[8.435631,54.7455958],[8.4321497,54.7391953],[8.4333115,54.7390021],[8.4323578,54.7369253],[8.4312301,54.7335521],[8.4308377,54.7330344],[8.4295581,54.7321853],[8.4289433,54.7308542],[8.4278246,54.7301078],[8.4271775,54.7293202],[8.4259962,54.7270302],[8.4249663,54.7256532],[8.4244996,54.723841],[8.4189988,54.7232881],[8.4169326,54.7248229],[8.4143546,54.7258431],[8.4130906,54.7265583],[8.411936,54.7277873],[8.4096448,54.729123],[8.4048287,54.7300454]]]}},{"type":"Feature","properties":{"fid":10,"assigned":true,"dialect":"frr-x-fering","name":"Midlum","note":"municipality","osm":"relation/1428586","line":11,"km2":8.5},"geometry":{"type":"Polygon","coordinates":[[[8.5050051,54.7515994],[8.5059127,54.7515719],[8.505986,54.7518664],[8.5064037,54.7520313],[8.5086374,54.7526569],[8.5093728,54.7526384],[8.5103604,54.7528714],[8.51186,54.7526444],[8.5118975,54.7512927],[8.5156684,54.7511144],[8.5175602,54.751397],[8.5183185,54.7516664],[8.518848,54.7521405],[8.5197186,54.7547411],[8.5201613,54.7553006],[8.5213393,54.755651],[8.5229835,54.7553199],[8.5241466,54.755917],[8.5244637,54.7557496],[8.525691,54.7556484],[8.5258636,54.755234],[8.5269176,54.7551301],[8.5274381,54.7551989],[8.5275735,54.7553647],[8.5288214,54.7552927],[8.5301553,54.7554442],[8.5302128,54.7556077],[8.5314532,54.7556888],[8.5351395,54.7556354],[8.5373225,54.75544],[8.5382766,54.7551631],[8.5416992,54.7549285],[8.541064,54.7536764],[8.5410752,54.7529312],[8.5307513,54.7455622],[8.5394819,54.7412946],[8.5427823,54.7399933],[8.5367342,54.7353742],[8.535303,54.7249103],[8.5317039,54.7169317],[8.5310233,54.716153],[8.5316066,54.7159765],[8.5311523,54.715349],[8.5260708,54.7152091],[8.5264622,54.7132803],[8.5268319,54.7127684],[8.5266648,54.7127305],[8.5263119,54.7116847],[8.5257705,54.7090076],[8.5224141,54.7085258],[8.5217721,54.70621],[8.5176235,54.6971101],[8.5121203,54.6984299],[8.517724,54.7057031],[8.5181594,54.7065805],[8.5175934,54.7066572],[8.5179964,54.7078853],[8.5161876,54.7081113],[8.5182679,54.7103216],[8.518317,54.7115559],[8.5165284,54.7119909],[8.5175926,54.7130195],[8.5182388,54.7139941],[8.5154267,54.7147836],[8.5147886,54.7150501],[8.5149568,54.7151567],[8.5133748,54.7158223],[8.5157449,54.7167318],[8.5133208,54.7193474],[8.5137418,54.7193726],[8.5128537,54.7231658],[8.5093961,54.7263728],[8.5091822,54.7300055],[8.5036205,54.7350583],[8.5071195,54.7369029],[8.5071517,54.7370371],[8.5069837,54.7446457],[8.5055679,54.7443685],[8.5038513,54.744372],[8.5045656,54.7484691],[8.5049043,54.7490687],[8.5050051,54.7515994]]]}},{"type":"Feature","properties":{"fid":11,"assigned":true,"dialect":"frr-x-fering","name":"Nieblum","note":"municipality","osm":"relation/1428591","line":12,"km2":7.9},"geometry":{"type":"Polygon","coordinates":[[[8.4505656,54.6929178],[8.4510507,54.692939],[8.4527024,54.6924337],[8.4533145,54.6920725],[8.4538991,54.6914066],[8.4560423,54.690315],[8.4572016,54.6894388],[8.4571943,54.6890649],[8.4578368,54.6888984],[8.4591788,54.6880977],[8.4601884,54.6870809],[8.4617545,54.6859624],[8.4630601,54.6852456],[8.4651979,54.6843936],[8.4705241,54.6827848],[8.4740962,54.6823111],[8.4811046,54.6810799],[8.484701,54.6806659],[8.4851714,54.6800866],[8.4885561,54.680411],[8.491978,54.680321],[8.4938045,54.680104],[8.4970961,54.6803442],[8.5013909,54.6802665],[8.5041408,54.6806561],[8.5085189,54.6815893],[8.510173,54.6816516],[8.5204231,54.6804266],[8.5224904,54.6803803],[8.5242067,54.6805929],[8.5252475,54.6809631],[8.5258345,54.6813653],[8.5263792,54.6834597],[8.525669,54.6835212],[8.5277945,54.6864677],[8.5237698,54.6874506],[8.5275866,54.6925874],[8.5138277,54.6927264],[8.5041185,54.6924975],[8.4964213,54.6926034],[8.4971888,54.6939601],[8.4975216,54.6940602],[8.4945854,54.6958662],[8.4956076,54.6964653],[8.4935649,54.6975591],[8.4949439,54.6987062],[8.4892762,54.6988303],[8.489466,54.7019461],[8.4838079,54.7020647],[8.484248,54.7087752],[8.4785616,54.7091035],[8.4785588,54.7086073],[8.4791083,54.7079595],[8.4790256,54.7076465],[8.4788707,54.7075995],[8.471573,54.7078786],[8.4702964,54.7055765],[8.4696362,54.7040007],[8.4705346,54.7015998],[8.4700142,54.7005765],[8.4697667,54.6995929],[8.4683809,54.698355],[8.4676038,54.6974364],[8.4673049,54.6973724],[8.4669424,54.6968679],[8.4653547,54.695839],[8.4649896,54.695913],[8.4637982,54.6943345],[8.4605776,54.6950211],[8.4594159,54.6933489],[8.4580502,54.6927181],[8.4507253,54.6931929],[8.450547,54.6931943],[8.4505656,54.6929178]]]}},{"type":"Feature","properties":{"fid":12,"assigned":true,"dialect":"frr-x-fering","name":"Oevenum","note":"municipality","osm":"relation/1428595","line":13,"km2":10.8},"geometry":{"type":"Polygon","coordinates":[[[8.5416992,54.7549285],[8.543959,54.7547748],[8.5488888,54.7539799],[8.5499973,54.7536741],[8.5504417,54.7533275],[8.5562254,54.7528752],[8.5676618,54.7506379],[8.5785844,54.7468018],[8.5830159,54.7449069],[8.5846621,54.7436579],[8.5859211,54.7422857],[8.586332,54.7414912],[8.5863915,54.7401454],[8.5867795,54.7382596],[8.5864876,54.7365349],[8.5856811,54.733748],[8.5852707,54.7329122],[8.5847518,54.7323494],[8.5823898,54.73101],[8.5817923,54.7303818],[8.5815371,54.7298127],[8.5789737,54.7299399],[8.5785062,54.7289092],[8.5790664,54.7282333],[8.5771267,54.7284866],[8.5753584,54.7289224],[8.5743498,54.728823],[8.5736398,54.7274539],[8.5728035,54.7269107],[8.5721466,54.7253334],[8.5717498,54.7250872],[8.5711903,54.7251269],[8.5699069,54.7257671],[8.567543,54.7261937],[8.5652908,54.7272797],[8.5631679,54.728632],[8.5608338,54.7289467],[8.5603581,54.7284641],[8.5593167,54.7285337],[8.5579212,54.7280456],[8.5573878,54.7280936],[8.5568024,54.7275836],[8.5556087,54.7280909],[8.5554251,54.7280425],[8.5522161,54.7232068],[8.5471081,54.7243306],[8.5445637,54.7231422],[8.5409995,54.7197479],[8.5362509,54.7141853],[8.5364285,54.714109],[8.535135,54.7130778],[8.5371813,54.7121877],[8.5365156,54.711658],[8.5367449,54.7110887],[8.5376398,54.7103536],[8.5385998,54.7099924],[8.5385549,54.7098716],[8.5337579,54.7077713],[8.5357421,54.7062762],[8.5345347,54.7051576],[8.5348744,54.7050733],[8.5345463,54.7047722],[8.5324135,54.7052121],[8.5324661,54.705078],[8.5268862,54.6925892],[8.5156457,54.6926776],[8.5217721,54.70621],[8.5224141,54.7085258],[8.5257705,54.7090076],[8.5263119,54.7116847],[8.5266648,54.7127305],[8.5268319,54.7127684],[8.5264622,54.7132803],[8.5260708,54.7152091],[8.5311523,54.715349],[8.5316066,54.7159765],[8.5310233,54.716153],[8.5317039,54.7169317],[8.535303,54.7249103],[8.5367342,54.7353742],[8.5427823,54.7399933],[8.5394819,54.7412946],[8.5307513,54.7455622],[8.5410752,54.7529312],[8.541064,54.7536764],[8.5416992,54.7549285]]]}},{"type":"Feature","properties":{"fid":13,"assigned":true,"dialect":"frr-x-fering","name":"Oldsum","note":"municipality","osm":"relation/1428599","line":14,"km2":13.3},"geometry":{"type":"MultiPolygon","coordinates":[[[[8.4236714,54.7159967],[8.4343383,54.7164875],[8.4342546,54.7159566],[8.433778,54.7151677],[8.4355187,54.7148945],[8.4359501,54.7154292],[8.4357751,54.7157527],[8.435968,54.7164981],[8.4371014,54.71633],[8.4390662,54.7163386],[8.4404187,54.7166398],[8.4415188,54.7171688],[8.448048,54.7133363],[8.438836,54.71283],[8.438578,54.7105534],[8.4371967,54.707307],[8.4297625,54.7087747],[8.4288196,54.7072939],[8.4269125,54.7080305],[8.4251887,54.7060494],[8.4168079,54.7090511],[8.4171444,54.709784],[8.4197084,54.7113314],[8.4201533,54.7117772],[8.4222094,54.7145701],[8.4226378,54.7160889],[8.4236714,54.7159967]]],[[[8.4368279,54.7481789],[8.4402167,54.7485376],[8.4436767,54.7484766],[8.4474891,54.7490116],[8.4497286,54.7486265],[8.4516397,54.7480732],[8.4547399,54.7487477],[8.4568067,54.7495171],[8.4586095,54.749775],[8.4608113,54.749718],[8.4621299,54.7499033],[8.4630865,54.7505395],[8.4640826,54.7509231],[8.4652401,54.7512435],[8.4657277,54.751113],[8.4664068,54.7512401],[8.4665943,54.7514278],[8.4670005,54.7514867],[8.4673136,54.751869],[8.4693099,54.7521831],[8.4755676,54.7523177],[8.4786756,54.7519833],[8.4791869,54.7517758],[8.4789999,54.7506528],[8.4802324,54.749684],[8.4806518,54.7495502],[8.4809713,54.7491196],[8.4817657,54.7490697],[8.4833002,54.7491173],[8.4844238,54.7493933],[8.4877479,54.7497941],[8.4885041,54.7500453],[8.4899066,54.7501611],[8.4907613,54.750459],[8.4928438,54.7504571],[8.4935027,54.7507953],[8.4947272,54.7505297],[8.4954373,54.7506121],[8.4956734,54.7507721],[8.4955723,54.7510293],[8.4957033,54.751121],[8.4987285,54.7509575],[8.5002059,54.751157],[8.5012991,54.7516383],[8.5050051,54.7515994],[8.5049043,54.7490687],[8.5045656,54.7484691],[8.5038513,54.744372],[8.5015607,54.7422356],[8.4973779,54.7374529],[8.492146,54.7355924],[8.4903947,54.7337479],[8.484922,54.7310161],[8.4824992,54.7277645],[8.4821002,54.7276308],[8.4827904,54.7271585],[8.4827883,54.7264499],[8.479224,54.7231245],[8.4788875,54.72252],[8.4789204,54.721827],[8.4753189,54.7217971],[8.4744322,54.7197788],[8.4718357,54.7195716],[8.4707743,54.7199427],[8.4697159,54.7197054],[8.4683671,54.7199309],[8.4676748,54.7185056],[8.4674063,54.718516],[8.4671502,54.7177131],[8.4657508,54.7179624],[8.4609444,54.7172941],[8.4596317,54.7174944],[8.4575925,54.7184878],[8.4507752,54.7223901],[8.4510346,54.7226572],[8.4498282,54.7233815],[8.4504544,54.7238126],[8.4512545,54.7249624],[8.4461084,54.7265497],[8.4442852,54.7268706],[8.4444615,54.7271426],[8.4431485,54.7274707],[8.4440043,54.7281586],[8.4426849,54.728474],[8.441733,54.7277308],[8.4394373,54.7284383],[8.4388798,54.7277339],[8.4359405,54.7284987],[8.4354846,54.7274726],[8.4273342,54.7295227],[8.4278246,54.7301078],[8.4289433,54.7308542],[8.4295581,54.7321853],[8.4308377,54.7330344],[8.4312301,54.7335521],[8.4323578,54.7369253],[8.4333115,54.7390021],[8.4321497,54.7391953],[8.435631,54.7455958],[8.4354615,54.74559],[8.4368279,54.7481789]]]]}},{"type":"Feature","properties":{"fid":14,"assigned":true,"dialect":"frr-x-fering","name":"Süderende","note":"municipality","osm":"relation/1428587","line":15,"km2":2.6},"geometry":{"type":"Polygon","coordinates":[[[8.4244996,54.723841],[8.4244846,54.7230986],[8.4227821,54.7210161],[8.4221279,54.7211827],[8.4213037,54.7198929],[8.4226716,54.7195325],[8.4254033,54.7181301],[8.4278068,54.7178233],[8.4265433,54.7161922],[8.4343383,54.7164875],[8.4342546,54.7159566],[8.433778,54.7151677],[8.4355187,54.7148945],[8.4359501,54.7154292],[8.4357751,54.7157527],[8.435968,54.7164981],[8.4371014,54.71633],[8.4390662,54.7163386],[8.4404187,54.7166398],[8.4415188,54.7171688],[8.448048,54.7133363],[8.4559308,54.7138881],[8.4560806,54.7143323],[8.4572993,54.7157768],[8.4597369,54.7174693],[8.4575925,54.7184878],[8.4507752,54.7223901],[8.4510346,54.7226572],[8.4498282,54.7233815],[8.4504544,54.7238126],[8.4512545,54.7249624],[8.4461084,54.7265497],[8.4442852,54.7268706],[8.4444615,54.7271426],[8.4431485,54.7274707],[8.4440043,54.7281586],[8.4426849,54.728474],[8.441733,54.7277308],[8.4394373,54.7284383],[8.4388798,54.7277339],[8.4359405,54.7284987],[8.4354846,54.7274726],[8.4273342,54.7295227],[8.4259962,54.7270302],[8.4249663,54.7256532],[8.4244996,54.723841]]]}},{"type":"Feature","properties":{"fid":15,"assigned":true,"dialect":"frr-x-fering","name":"Utersum","note":"municipality","osm":"relation/1428596","line":16,"km2":5.2},"geometry":{"type":"Polygon","coordinates":[[[8.4268593,54.6949761],[8.4270526,54.6971249],[8.428193,54.6988002],[8.4268933,54.7030125],[8.4262184,54.7032866],[8.4288196,54.7072939],[8.4269125,54.7080305],[8.4251887,54.7060494],[8.4168079,54.7090511],[8.4171444,54.709784],[8.4197084,54.7113314],[8.4201533,54.7117772],[8.4222094,54.7145701],[8.4226378,54.7160889],[8.4264417,54.7161069],[8.4278068,54.7178233],[8.4254033,54.7181301],[8.4226716,54.7195325],[8.4213037,54.7198929],[8.4221279,54.7211827],[8.4227821,54.7210161],[8.4244846,54.7230986],[8.4244996,54.723841],[8.4189988,54.7232881],[8.4169326,54.7248229],[8.4143546,54.7258431],[8.4130906,54.7265583],[8.411936,54.7277873],[8.4096448,54.729123],[8.4048287,54.7300454],[8.4016273,54.725528],[8.4000177,54.7226439],[8.3973601,54.7197588],[8.3963975,54.7176281],[8.3960129,54.7156857],[8.3961259,54.7150419],[8.3952142,54.7112579],[8.3952255,54.7096121],[8.3963339,54.7064831],[8.3967352,54.706014],[8.396923,54.7054871],[8.3998771,54.7025687],[8.401216,54.7017865],[8.4029102,54.7011069],[8.4061444,54.7006888],[8.4081319,54.6998377],[8.4087442,54.6998574],[8.4133884,54.6987223],[8.4220178,54.6959722],[8.4247624,54.6952767],[8.4268593,54.6949761]]]}},{"type":"Feature","properties":{"fid":16,"assigned":true,"dialect":"frr-x-fering","name":"Witsum","note":"municipality","osm":"relation/1428598","line":17,"km2":1.6},"geometry":{"type":"Polygon","coordinates":[[[8.4268593,54.6949761],[8.4334683,54.6936423],[8.4385259,54.6931625],[8.4397971,54.6933188],[8.4415889,54.6932564],[8.4463867,54.6924489],[8.4481394,54.6928694],[8.4493762,54.6947357],[8.4513387,54.6945196],[8.452734,54.696544],[8.4495379,54.6973523],[8.4483439,54.6974754],[8.449558,54.6989868],[8.4461588,54.6997006],[8.4467629,54.700834],[8.4435779,54.7015323],[8.4436554,54.701677],[8.4381863,54.702477],[8.4390979,54.7045789],[8.4361243,54.7051708],[8.4358431,54.7045191],[8.4280211,54.7060698],[8.4262184,54.7032866],[8.4268933,54.7030125],[8.428193,54.6988002],[8.4270526,54.6971249],[8.4268593,54.6949761]]]}},{"type":"Feature","properties":{"fid":17,"assigned":true,"dialect":"frr-x-fering","name":"Wrixum","note":"municipality","osm":"relation/1428593","line":18,"km2":7.5},"geometry":{"type":"Polygon","coordinates":[[[8.5815371,54.7298127],[8.5814474,54.7291599],[8.5816725,54.7284419],[8.582715,54.7273112],[8.5835993,54.7266194],[8.5817578,54.7259187],[8.5818739,54.7257893],[8.5817867,54.7256264],[8.5792519,54.7223422],[8.573984,54.7209379],[8.5699039,54.7169539],[8.5597327,54.7060758],[8.5536586,54.6991977],[8.5535807,54.6990509],[8.5538717,54.6988304],[8.552403,54.6973996],[8.5520722,54.6974604],[8.5522866,54.6972601],[8.55164,54.6967058],[8.5508389,54.696347],[8.5518861,54.6975572],[8.5514563,54.6978251],[8.5502708,54.6964319],[8.550121,54.6964675],[8.5496728,54.6960506],[8.5482276,54.6943195],[8.5483128,54.6942162],[8.5469448,54.6940161],[8.5444819,54.6908681],[8.5455668,54.6910103],[8.5440122,54.6893074],[8.5422521,54.6897624],[8.5407744,54.6879294],[8.5376876,54.6890284],[8.5366142,54.6891354],[8.5337254,54.6850148],[8.5301991,54.6858801],[8.5324502,54.6890017],[8.5297712,54.6892509],[8.5277444,54.6864799],[8.5237698,54.6874506],[8.5276056,54.6925008],[8.5250837,54.6925476],[8.5268862,54.6925892],[8.5324661,54.705078],[8.5324135,54.7052121],[8.5345463,54.7047722],[8.5348744,54.7050733],[8.5345347,54.7051576],[8.5357421,54.7062762],[8.5337579,54.7077713],[8.5385549,54.7098716],[8.5385998,54.7099924],[8.5376398,54.7103536],[8.5367449,54.7110887],[8.5365156,54.711658],[8.5371813,54.7121877],[8.535135,54.7130778],[8.5364285,54.714109],[8.5362509,54.7141853],[8.5409995,54.7197479],[8.54447,54.7230795],[8.5471081,54.7243306],[8.5522161,54.7232068],[8.5555449,54.7280907],[8.5568024,54.7275836],[8.5573878,54.7280936],[8.5579212,54.7280456],[8.5593167,54.7285337],[8.5603581,54.7284641],[8.5608338,54.7289467],[8.5626472,54.7287821],[8.5631679,54.728632],[8.5652908,54.7272797],[8.567543,54.7261937],[8.5699069,54.7257671],[8.5711903,54.7251269],[8.5715929,54.7250692],[8.5721466,54.7253334],[8.5728035,54.7269107],[8.5736398,54.7274539],[8.5741329,54.7286201],[8.574482,54.7289032],[8.5756458,54.7288821],[8.5771267,54.7284866],[8.5790664,54.7282333],[8.5785062,54.7289092],[8.5789737,54.7299399],[8.5815371,54.7298127]]]}},{"type":"Feature","properties":{"fid":18,"assigned":true,"dialect":"frr-x-oomrang","name":"Nebel","note":"municipality","osm":"relation/1428597","line":19,"km2":11.9},"geometry":{"type":"MultiPolygon","coordinates":[[[[8.3802591,54.6296092],[8.3809572,54.6295915],[8.3783208,54.6282624],[8.3780353,54.6283218],[8.3804419,54.6294862],[8.3802591,54.6296092]]],[[[8.3797965,54.6299203],[8.3801257,54.6296989],[8.3775968,54.6284131],[8.3770323,54.6285305],[8.3797965,54.6299203]]],[[[8.3823212,54.6295433],[8.3811866,54.6289855],[8.3808759,54.6291944],[8.3816409,54.6295673],[8.3823212,54.6295433]]],[[[8.3766571,54.6300629],[8.3782898,54.6309314],[8.3786449,54.6306928],[8.3769727,54.6298691],[8.3779514,54.629307],[8.3777905,54.6292473],[8.3753285,54.6307795],[8.3738706,54.6297584],[8.3726954,54.6299609],[8.3735777,54.6310501],[8.3736428,54.6310203],[8.3742794,54.6309176],[8.3753893,54.6308349],[8.3766571,54.6300629]]],[[[8.3721212,54.6300598],[8.3713998,54.6301089],[8.3719674,54.631786],[8.3727579,54.6314236],[8.3721212,54.6300598]]],[[[8.3384176,54.6684353],[8.338396,54.6686145],[8.3428698,54.6691018],[8.3431762,54.6686268],[8.3433385,54.6686453],[8.3415618,54.6713998],[8.3411614,54.6745235],[8.3470581,54.6748425],[8.3501906,54.6754279],[8.3517054,54.6726963],[8.3515689,54.6724557],[8.3517716,54.6721171],[8.351641,54.6720537],[8.3530854,54.6698798],[8.3534365,54.6685908],[8.3539708,54.6677924],[8.35495,54.6651669],[8.3553859,54.6645559],[8.3552665,54.6626667],[8.3554949,54.6618401],[8.356893,54.6600673],[8.358234,54.6593657],[8.3589513,54.6588018],[8.3597755,54.6573742],[8.3598542,54.6570411],[8.3595844,54.6567965],[8.3596883,54.6554182],[8.3595286,54.6553185],[8.359789,54.6548584],[8.3598708,54.6541053],[8.3601794,54.6538147],[8.3605416,54.6511194],[8.3610298,54.6494678],[8.3614789,54.649032],[8.3622225,54.6486495],[8.3648688,54.6476402],[8.3653059,54.6471995],[8.3658274,54.6470057],[8.3720057,54.646399],[8.3730316,54.6459644],[8.3745477,54.6450791],[8.3760794,54.6436616],[8.3777195,54.6426379],[8.3777982,54.6420718],[8.3783653,54.6416536],[8.3804211,54.6409283],[8.3813438,54.6400527],[8.3806524,54.6394453],[8.3830575,54.6391196],[8.3829833,54.6388424],[8.380549,54.6393489],[8.3798136,54.6385186],[8.3791116,54.6369573],[8.379059,54.6337005],[8.3792832,54.633135],[8.3783749,54.6330714],[8.3761635,54.6316486],[8.3742823,54.6309413],[8.3736601,54.631033],[8.3702055,54.6325845],[8.3683769,54.6330065],[8.3677096,54.6333769],[8.3634342,54.632381],[8.3587394,54.6321262],[8.3587628,54.6319571],[8.3586061,54.6319478],[8.3587687,54.6319106],[8.3588575,54.6314221],[8.3566696,54.6311333],[8.3557548,54.630207],[8.354915,54.6296944],[8.3542028,54.6299454],[8.3529971,54.630673],[8.3529113,54.6317779],[8.3531822,54.6321745],[8.3543572,54.6327551],[8.3540525,54.6329064],[8.3534574,54.6325653],[8.3516342,54.6338284],[8.3512166,54.6343176],[8.3511741,54.6349686],[8.3506933,54.6357616],[8.3510705,54.6359632],[8.3510382,54.6364232],[8.3447939,54.6318287],[8.3428776,54.6330094],[8.3419126,54.6331398],[8.3398566,54.6342843],[8.3393518,54.6350242],[8.3385291,54.6353092],[8.3358368,54.6371228],[8.3320037,54.6406207],[8.3296305,54.6415833],[8.3289483,54.643476],[8.3293516,54.6441796],[8.3275773,54.6460514],[8.315515,54.6555444],[8.3121986,54.6577305],[8.3095538,54.6598157],[8.3053699,54.663289],[8.3041551,54.6645513],[8.3036069,54.6658351],[8.3037422,54.6663898],[8.3351751,54.6686219],[8.3353538,54.6683222],[8.3384176,54.6684353]]]]}},{"type":"Feature","properties":{"fid":19,"assigned":true,"dialect":"frr-x-oomrang","name":"Norddorf auf Amrum","note":"municipality","osm":"relation/1428592","line":20,"km2":5.9},"geometry":{"type":"Polygon","coordinates":[[[8.3501906,54.6754279],[8.3470581,54.6748425],[8.3411614,54.6745235],[8.3415618,54.6713998],[8.3433385,54.6686453],[8.3431762,54.6686268],[8.3428698,54.6691018],[8.338396,54.6686145],[8.3384506,54.6684262],[8.3353538,54.6683222],[8.3351751,54.6686219],[8.3037422,54.6663898],[8.3038212,54.6667148],[8.306059,54.6690476],[8.3078927,54.6712534],[8.3096729,54.673903],[8.3105173,54.6755067],[8.3136267,54.6798523],[8.3156662,54.6820505],[8.3184932,54.6842701],[8.3221611,54.6878881],[8.3273499,54.6932022],[8.3299879,54.6963804],[8.3336154,54.7001356],[8.3378171,54.703053],[8.3422041,54.7055215],[8.3454937,54.70657],[8.3471048,54.7073724],[8.3498495,54.7083035],[8.3525357,54.7094552],[8.354631,54.710065],[8.355633,54.710215],[8.3578606,54.7099845],[8.3587165,54.7096616],[8.3564612,54.7084023],[8.3559184,54.7076193],[8.3542192,54.7064024],[8.3529768,54.7050145],[8.3520054,54.7042581],[8.3484311,54.7028891],[8.3454103,54.7006891],[8.3441665,54.7003111],[8.342415,54.6992879],[8.3413976,54.6974748],[8.3392707,54.695328],[8.3387113,54.6945408],[8.3385303,54.6927638],[8.3380072,54.6917361],[8.337748,54.6915072],[8.3372623,54.6915465],[8.3361498,54.6900763],[8.3363472,54.6886082],[8.3372925,54.6867325],[8.3378568,54.6849909],[8.3389809,54.6828709],[8.3421188,54.680126],[8.3439664,54.6789655],[8.3481211,54.6772083],[8.3501906,54.6754279]]]}},{"type":"Feature","properties":{"fid":20,"assigned":true,"dialect":"frr-x-oomrang","name":"Wittdün auf Amrum","note":"municipality","osm":"relation/1428585","line":21,"km2":2.6},"geometry":{"type":"Polygon","coordinates":[[[8.3793764,54.6331169],[8.3796988,54.6329671],[8.3795839,54.6327179],[8.3800435,54.6325959],[8.3829939,54.6322451],[8.3842456,54.6318311],[8.384445,54.6305325],[8.3834237,54.6297436],[8.3840912,54.62906],[8.3852066,54.6282761],[8.3850574,54.628207],[8.3867092,54.6276452],[8.388284,54.627467],[8.3909053,54.6274382],[8.3959954,54.6277196],[8.3964629,54.6290298],[8.3968106,54.6289969],[8.3969126,54.6292076],[8.3977998,54.629252],[8.3979304,54.6290288],[8.3988594,54.6290934],[8.3980903,54.6288748],[8.3981507,54.6287171],[8.4002196,54.6287974],[8.4003192,54.6280391],[8.4013221,54.6282052],[8.401817,54.6278437],[8.4022699,54.6269248],[8.4018832,54.6262813],[8.4013452,54.626078],[8.39885,54.6253463],[8.3948972,54.6245828],[8.3876558,54.6243553],[8.3854441,54.6239793],[8.3767848,54.6239174],[8.361352,54.6226122],[8.3604145,54.6226529],[8.356158,54.6236366],[8.3539829,54.624369],[8.3517687,54.6259984],[8.3490774,54.628305],[8.3484138,54.6290583],[8.3478293,54.6293092],[8.3470001,54.6304434],[8.3463574,54.6305335],[8.3447939,54.6318287],[8.3510382,54.6364232],[8.3510705,54.6359632],[8.3506933,54.6357616],[8.3511741,54.6349686],[8.3512166,54.6343176],[8.3516342,54.6338284],[8.3534574,54.6325653],[8.3540525,54.6329064],[8.3543572,54.6327551],[8.3531822,54.6321745],[8.3529113,54.6317779],[8.3529971,54.630673],[8.3542028,54.6299454],[8.354915,54.6296944],[8.3557548,54.630207],[8.3566696,54.6311333],[8.3588575,54.6314221],[8.3587687,54.6319106],[8.3586061,54.6319478],[8.3587628,54.6319571],[8.3587394,54.6321262],[8.3634342,54.632381],[8.3677096,54.6333769],[8.3683769,54.6330065],[8.3702055,54.6325845],[8.3736601,54.631033],[8.3742823,54.6309413],[8.3761635,54.6316486],[8.3783749,54.6330714],[8.3793764,54.6331169]],[[8.3780353,54.6283218],[8.3783208,54.6282624],[8.3809572,54.6295915],[8.3804258,54.629689],[8.3802591,54.6296092],[8.3804419,54.6294862],[8.3780353,54.6283218]],[[8.3770323,54.6285305],[8.3775968,54.6284131],[8.3801257,54.6296989],[8.3797965,54.6299203],[8.3770323,54.6285305]],[[8.3816409,54.6295673],[8.3808759,54.6291944],[8.3811866,54.6289855],[8.3823212,54.6295433],[8.3816409,54.6295673]],[[8.3753893,54.6308349],[8.3742794,54.6309176],[8.3736428,54.6310203],[8.3735777,54.6310501],[8.3726954,54.6299609],[8.3738706,54.6297584],[8.3753285,54.6307795],[8.3777905,54.6292473],[8.3779514,54.629307],[8.3769727,54.6298691],[8.3786449,54.6306928],[8.3782898,54.6309314],[8.3766571,54.6300629],[8.3753893,54.6308349]],[[8.3713998,54.6301089],[8.3721212,54.6300598],[8.3727579,54.6314236],[8.3719674,54.631786],[8.3713998,54.6301089]]]}},{"type":"Feature","properties":{"fid":21,"assigned":true,"dialect":"frr-x-halunder","name":"Helgoland","note":"municipality","osm":"relation/1157962","line":22,"km2":4.2},"geometry":{"type":"Polygon","coordinates":[[[7.887405,54.1771943],[7.8893248,54.172426],[7.8899916,54.1720465],[7.890813,54.1699462],[7.8960157,54.1694537],[7.8989522,54.1706508],[7.8995843,54.1719977],[7.908181,54.1693031],[7.9073612,54.1754182],[7.9087462,54.1803323],[7.9067399,54.1823117],[7.9079153,54.1820868],[7.9089469,54.18156],[7.9096037,54.1815396],[7.9107847,54.1817145],[7.9125254,54.182267],[7.9147324,54.1825396],[7.9167606,54.182656],[7.9170768,54.1826312],[7.9173704,54.1823936],[7.9170493,54.1828514],[7.9177792,54.1833145],[7.9213067,54.1839923],[7.9225163,54.1839796],[7.9227442,54.1842096],[7.9228368,54.1846732],[7.9226764,54.1850736],[7.9224198,54.1852286],[7.9217071,54.1850511],[7.9193103,54.1860507],[7.918156,54.1868506],[7.9178275,54.1873356],[7.9177761,54.1875503],[7.9183557,54.1879227],[7.918199,54.1880866],[7.9205407,54.1907045],[7.9194565,54.1917432],[7.9204586,54.1906689],[7.919803,54.1899383],[7.9194783,54.1898196],[7.9178123,54.1894462],[7.9131237,54.189153],[7.9120425,54.188877],[7.9084314,54.1874603],[7.9032712,54.186417],[7.902556,54.1864051],[7.8995782,54.1891837],[7.8912352,54.1931864],[7.8842904,54.191521],[7.8831766,54.1895078],[7.8838934,54.1889968],[7.8834956,54.188576],[7.8829023,54.1883133],[7.8818527,54.1880816],[7.8768824,54.1875665],[7.8761414,54.1876444],[7.8754404,54.1880156],[7.8747033,54.1881673],[7.8740526,54.1880494],[7.8725415,54.1884769],[7.8708023,54.1884362],[7.8704109,54.1882051],[7.8697428,54.1883468],[7.8693727,54.1881986],[7.8697857,54.1878633],[7.868551,54.1880511],[7.8681506,54.1885377],[7.8680132,54.1884941],[7.8651057,54.1907535],[7.8685066,54.1880123],[7.8715142,54.1875542],[7.8718318,54.1868871],[7.8734381,54.1858984],[7.8753154,54.1854415],[7.8771696,54.1845693],[7.8778401,54.183605],[7.8792248,54.1824814],[7.8800745,54.1821476],[7.881192,54.1801589],[7.8819792,54.1796468],[7.8827054,54.1781611],[7.8840766,54.1771817],[7.8864644,54.1776163],[7.887405,54.1771943]]]}},{"type":"Feature","properties":{"fid":22,"assigned":true,"dialect":"frr-x-hallig","name":"Hallig Hooge","note":"municipality","osm":"relation/1420554","line":23,"km2":5.8},"geometry":{"type":"MultiPolygon","coordinates":[[[[8.5080384,54.5280723],[8.5115756,54.5292193],[8.5133908,54.5295666],[8.5153915,54.5292286],[8.5163629,54.5289818],[8.5165116,54.5288117],[8.5161194,54.5284658],[8.514989,54.5279942],[8.5139939,54.5277676],[8.5113287,54.5276834],[8.5084969,54.5271919],[8.5075165,54.5273168],[8.5072302,54.5274866],[8.5080384,54.5280723]]],[[[8.5448132,54.5766321],[8.5465059,54.5771998],[8.5480887,54.5783775],[8.5490458,54.5788227],[8.5503856,54.5791232],[8.5516138,54.5791723],[8.5560376,54.5784627],[8.5571921,54.5781485],[8.558549,54.5774496],[8.5595394,54.576493],[8.5621428,54.5755095],[8.5622266,54.5754465],[8.5602183,54.576159],[8.5604509,54.5745402],[8.5613722,54.5725478],[8.5618137,54.5720343],[8.5640921,54.5702354],[8.5652024,54.5684467],[8.5663166,54.5674484],[8.5675963,54.5668451],[8.5684674,54.5665697],[8.571935,54.5659953],[8.5727164,54.5656758],[8.5732885,54.565137],[8.5735547,54.5639525],[8.5735296,54.5610809],[8.5731919,54.5603208],[8.5719584,54.5590525],[8.574002,54.5584577],[8.5719198,54.5590018],[8.5710233,54.5585865],[8.5695263,54.558197],[8.5632159,54.5571685],[8.5541968,54.557155],[8.5504924,54.5568695],[8.5483878,54.5571728],[8.5441914,54.5588738],[8.5434523,54.5595035],[8.5423766,54.5610731],[8.5412707,54.5621923],[8.5383841,54.5644227],[8.5366421,54.5653574],[8.5346483,54.5659189],[8.5306458,54.5662833],[8.5284586,54.5667967],[8.5269831,54.5674616],[8.5249509,54.5688545],[8.5233384,54.5694667],[8.5220984,54.5696886],[8.5198281,54.5696942],[8.518367,54.5698712],[8.5153923,54.5706974],[8.5130284,54.5720039],[8.5129823,54.5722898],[8.5114045,54.5735088],[8.5093517,54.5756822],[8.5089125,54.5768325],[8.5090659,54.5770902],[8.5099034,54.577601],[8.5119396,54.5784734],[8.5135294,54.5788272],[8.5151085,54.5789217],[8.5169578,54.5787402],[8.523189,54.5774554],[8.5264597,54.5760636],[8.5321377,54.5749588],[8.5336935,54.5750308],[8.5448132,54.5766321]]]]}},{"type":"Feature","properties":{"fid":23,"assigned":true,"dialect":"frr-x-hallig","name":"Langeneß","note":"municipality (incl. Oland)","osm":"relation/1420553","line":24,"km2":11.6},"geometry":{"type":"MultiPolygon","coordinates":[[[[8.6632844,54.6558142],[8.6630629,54.6554235],[8.6629582,54.6541656],[8.6631207,54.6534951],[8.6636454,54.6527114],[8.6597645,54.6480106],[8.6606063,54.6467452],[8.6623621,54.6468901],[8.6624207,54.6466567],[8.6605581,54.6464858],[8.6549537,54.642141],[8.6517943,54.6418503],[8.6508296,54.6415889],[8.649454,54.6400726],[8.6470456,54.6392074],[8.6451411,54.6389614],[8.6428375,54.639201],[8.6414514,54.6387245],[8.6354195,54.6382035],[8.6328715,54.6382659],[8.6323565,54.6381247],[8.6323193,54.6379794],[8.633319,54.6373025],[8.629654,54.6363794],[8.6278398,54.6360288],[8.6233303,54.6356244],[8.6217886,54.6362167],[8.6199144,54.6360605],[8.6175613,54.6347554],[8.6159267,54.6343273],[8.6106252,54.6337341],[8.6072467,54.6329295],[8.6042676,54.6327124],[8.6026343,54.6328354],[8.5974428,54.6355289],[8.5966885,54.6357641],[8.5964133,54.6355836],[8.5873508,54.6341132],[8.5848637,54.6339787],[8.5823905,54.6318497],[8.5760965,54.6303361],[8.5752958,54.6294114],[8.5721278,54.6284547],[8.5691105,54.626619],[8.5621649,54.6269955],[8.5616185,54.6259905],[8.5600869,54.6241653],[8.5588482,54.623548],[8.55633,54.6231543],[8.5546902,54.6225695],[8.5550338,54.6218547],[8.5553901,54.6220176],[8.5555854,54.6218011],[8.5525976,54.6206897],[8.5520949,54.6203562],[8.5499053,54.6201326],[8.5486229,54.6201761],[8.54813,54.6196726],[8.5481101,54.6193505],[8.5484349,54.6189747],[8.5481688,54.6183821],[8.548294,54.6179773],[8.5479986,54.6176799],[8.5480987,54.6169092],[8.5477243,54.6168691],[8.5474379,54.6176],[8.5467799,54.6178311],[8.5402731,54.6224958],[8.538922,54.6229373],[8.5367289,54.6232112],[8.531946,54.6250941],[8.5295102,54.6255713],[8.5286517,54.6271831],[8.5288502,54.6278632],[8.5299954,54.6286756],[8.5303764,54.6291715],[8.5305622,54.6304193],[8.5310114,54.6311897],[8.5335521,54.6325203],[8.5351273,54.6339505],[8.5395727,54.6362236],[8.540439,54.6364702],[8.5440983,54.6366203],[8.5486936,54.6355768],[8.5538135,54.6356057],[8.560592,54.6367356],[8.565442,54.6370207],[8.5682967,54.6377738],[8.5697817,54.6386349],[8.5723294,54.6392297],[8.5733379,54.6392525],[8.5748373,54.6388873],[8.5781797,54.6393356],[8.5811665,54.6391906],[8.5844045,54.6400011],[8.5863044,54.6401999],[8.5887804,54.6408069],[8.591961,54.6409287],[8.5968835,54.6415687],[8.6025585,54.6419586],[8.6092658,54.6432846],[8.6146316,54.6447057],[8.6297154,54.6476262],[8.6323601,54.6484082],[8.6349199,54.648814],[8.6381185,54.6496174],[8.6422455,54.6511338],[8.6452432,54.6524418],[8.6508093,54.6566555],[8.6543703,54.6569522],[8.6577074,54.6560461],[8.6632844,54.6558142]]],[[[8.7003115,54.6800629],[8.7013492,54.6804138],[8.7086303,54.680005],[8.7090036,54.6798653],[8.709562,54.6803233],[8.7098618,54.680271],[8.7098606,54.6804412],[8.7119542,54.6806139],[8.7129159,54.6801758],[8.713006,54.6799679],[8.7125264,54.6793795],[8.7106127,54.6781538],[8.7088322,54.6746292],[8.7119562,54.6727249],[8.6884001,54.6720994],[8.6874916,54.6723805],[8.68728,54.6721632],[8.6874249,54.6720921],[8.6873693,54.6719371],[8.6868885,54.6718086],[8.6844736,54.6720414],[8.683601,54.6723801],[8.6813513,54.6752954],[8.6816516,54.6758172],[8.6823181,54.6760432],[8.6834751,54.6761103],[8.6838687,54.6758923],[8.6848887,54.67586],[8.6869778,54.6762761],[8.6901757,54.6762769],[8.6916618,54.6767606],[8.6955594,54.6782628],[8.6988005,54.6810151],[8.7003115,54.6800629]]]]}},{"type":"Feature","properties":{"fid":24,"assigned":true,"dialect":"frr-x-hallig","name":"Gröde","note":"municipality","osm":"relation/1420557","line":25,"km2":2.5},"geometry":{"type":"MultiPolygon","coordinates":[[[[8.71565,54.6398621],[8.7359649,54.6445847],[8.7378386,54.6432404],[8.740318,54.6436092],[8.7397738,54.6361489],[8.7339846,54.6324254],[8.7334447,54.6315566],[8.7303069,54.6303007],[8.7289269,54.629482],[8.7287376,54.6289518],[8.7211625,54.6273963],[8.7193964,54.6274187],[8.7183131,54.6277549],[8.7112489,54.6311297],[8.710662,54.6315076],[8.7102499,54.6320033],[8.7101225,54.6326695],[8.7105096,54.6338037],[8.7103236,54.6337966],[8.7104036,54.6339918],[8.7105657,54.6339484],[8.7115245,54.635839],[8.7125492,54.6373442],[8.7137836,54.6388071],[8.7147501,54.6396024],[8.7176509,54.6409415],[8.71565,54.6398621]]],[[[8.7664835,54.6378329],[8.7688004,54.6380859],[8.7702795,54.6380686],[8.7712013,54.6375848],[8.772227,54.6366399],[8.771601,54.6365124],[8.7688063,54.6369796],[8.766244,54.6364277],[8.7630393,54.6353487],[8.7624901,54.6353562],[8.7613844,54.6357682],[8.761469,54.6359746],[8.7631488,54.6369568],[8.7664835,54.6378329]]]]}},{"type":"Feature","properties":{"fid":25,"assigned":true,"dialect":"frr-x-hallig","name":"Habel","note":"island polygon","osm":"way/177387348","line":26,"km2":0.1},"geometry":{"type":"Polygon","coordinates":[[[8.7664347,54.6365595],[8.7665334,54.6364742],[8.7664885,54.6365741],[8.7689158,54.6370758],[8.7719852,54.6366395],[8.7702594,54.6377636],[8.7689753,54.6378918],[8.766452,54.6377254],[8.7633415,54.6368414],[8.7616808,54.635829],[8.7630004,54.635498],[8.7664347,54.6365595]]]}},{"type":"Feature","properties":{"fid":26,"assigned":true,"dialect":"frr-x-wieding","name":"Emmelsbüll-Horsbüll","note":"municipality; high","osm":"relation/1420452","line":27,"km2":35.6},"geometry":{"type":"Polygon","coordinates":[[[8.6419779,54.8500188],[8.6501261,54.8489441],[8.6509113,54.8504564],[8.6720804,54.8485968],[8.6719428,54.8484051],[8.6769138,54.8489512],[8.676993,54.8485804],[8.6882734,54.849578],[8.6884112,54.8515206],[8.6912201,54.8521514],[8.6925778,54.8470245],[8.6956886,54.845822],[8.6960626,54.8451027],[8.7004286,54.8453231],[8.7015674,54.8443183],[8.7053843,54.8449234],[8.707308,54.8418097],[8.7076581,54.8417471],[8.7084637,54.8396901],[8.7113753,54.8409419],[8.7131621,54.8411707],[8.7138368,54.8410681],[8.717023,54.8393526],[8.7179897,54.8395936],[8.7202892,54.8406085],[8.7238684,54.8409432],[8.7274971,54.8423294],[8.7306973,54.8414917],[8.7432368,54.8421854],[8.7437971,54.8420298],[8.7451466,54.8410031],[8.7499395,54.8395497],[8.7512016,54.8393451],[8.7535762,54.8393143],[8.7662815,54.8398086],[8.7631726,54.8362507],[8.7604527,54.8264952],[8.7577415,54.826046],[8.7567075,54.8255115],[8.7562165,54.8245452],[8.758467,54.8222888],[8.7599894,54.8216256],[8.7601701,54.8211289],[8.7605054,54.8208608],[8.7587816,54.8195501],[8.754576,54.8124314],[8.7544637,54.8115085],[8.7564193,54.8099638],[8.7517829,54.8061155],[8.7519702,54.8058208],[8.751503,54.8055174],[8.7509429,54.8058485],[8.749768,54.8060353],[8.7477593,54.8067048],[8.7471759,54.8074007],[8.7473536,54.8085044],[8.7467508,54.8087895],[8.742709,54.8101725],[8.7407395,54.810574],[8.7386303,54.8106378],[8.7321743,54.8090334],[8.7285933,54.8067193],[8.7280599,54.8061807],[8.7276379,54.8054487],[8.7264001,54.8050478],[8.7258293,54.8046193],[8.7250448,54.8043035],[8.719536,54.8024556],[8.7181014,54.8015891],[8.71613,54.800682],[8.7132206,54.7998792],[8.6983016,54.7982628],[8.698327,54.7977192],[8.6979826,54.7966746],[8.6977373,54.796415],[8.6969131,54.7961173],[8.6890964,54.7956044],[8.6869691,54.7948888],[8.6854332,54.7943033],[8.6850551,54.7938197],[8.6843507,54.7936308],[8.6811383,54.7904443],[8.6773744,54.7928445],[8.666826,54.7928388],[8.6587426,54.7949654],[8.6578556,54.7955544],[8.6572913,54.7975664],[8.6511903,54.809439],[8.6445698,54.818483],[8.6455423,54.8187588],[8.6463652,54.8227117],[8.6467287,54.8259888],[8.6462385,54.8271751],[8.6460368,54.8283431],[8.6460909,54.8289912],[8.6471198,54.8321459],[8.6475371,54.8345926],[8.6475217,54.8354177],[8.6423264,54.8405156],[8.6420331,54.8410735],[8.6418622,54.8417625],[8.6419779,54.8500188]]]}},{"type":"Feature","properties":{"fid":27,"assigned":true,"dialect":"frr-x-wieding","name":"Friedrich-Wilhelm-Lübke-Koog","note":"municipality; high","osm":"relation/1418657","line":28,"km2":13.5},"geometry":{"type":"Polygon","coordinates":[[[8.6455423,54.8187588],[8.6463652,54.8227117],[8.6467287,54.8259888],[8.6462385,54.8271751],[8.6460368,54.8283431],[8.6460909,54.8289912],[8.6471198,54.8321459],[8.6475371,54.8345926],[8.6475217,54.8354177],[8.6423264,54.8405156],[8.6420331,54.8410735],[8.6418622,54.8417625],[8.641852,54.8439622],[8.6420536,54.8555742],[8.6421656,54.8578269],[8.6424572,54.859389],[8.6449523,54.8664588],[8.6453784,54.8683341],[8.6465056,54.8778811],[8.6468003,54.8777103],[8.6469249,54.8787721],[8.6427366,54.8812316],[8.6385006,54.8830447],[8.6336436,54.8845728],[8.6285999,54.88566],[8.6233274,54.8863204],[8.6187024,54.8865601],[8.6046551,54.8861631],[8.6046261,54.8859848],[8.6061714,54.885516],[8.6062028,54.8851466],[8.6063947,54.884978],[8.6071257,54.8847636],[8.6123887,54.8803471],[8.6131255,54.879464],[8.6134648,54.8783803],[8.6080935,54.8430657],[8.6081527,54.8420725],[8.6084441,54.8413906],[8.6091546,54.840531],[8.6098602,54.8399871],[8.6455423,54.8187588]]]}},{"type":"Feature","properties":{"fid":28,"assigned":true,"dialect":"frr-x-wieding","name":"Klanxbüll","note":"municipality; high","osm":"relation/1418656","line":29,"km2":10.6},"geometry":{"type":"Polygon","coordinates":[[[8.6187599,54.8870084],[8.5657753,54.8852549],[8.5658222,54.8848119],[8.6078504,54.8861709],[8.614838,54.8865168],[8.6202608,54.8865162],[8.6270965,54.8858965],[8.6322406,54.8849198],[8.6377446,54.8833187],[8.6421417,54.8815206],[8.6449943,54.8800195],[8.6469249,54.8787721],[8.6468003,54.8777103],[8.6465056,54.8778811],[8.6453784,54.8683341],[8.6449523,54.8664588],[8.6425648,54.8597315],[8.6422611,54.8584839],[8.6420536,54.8555742],[8.6419779,54.8500188],[8.6501261,54.8489441],[8.6509113,54.8504564],[8.6720804,54.8485968],[8.6719428,54.8484051],[8.6769138,54.8489512],[8.676993,54.8485804],[8.6882734,54.849578],[8.6884112,54.8515206],[8.6912201,54.8521514],[8.6902328,54.8539893],[8.6900308,54.8540933],[8.6910445,54.854195],[8.6907718,54.8552497],[8.6919062,54.8561117],[8.6915895,54.8562306],[8.6930408,54.8570156],[8.6957138,54.8589028],[8.6960515,54.85947],[8.6958686,54.8598893],[8.6979747,54.8628265],[8.6981163,54.8636848],[8.6983803,54.8754067],[8.6946312,54.8764983],[8.6942812,54.8762647],[8.6926645,54.8765788],[8.6896446,54.8767372],[8.6894525,54.8772101],[8.6857856,54.8771694],[8.6859834,54.8775822],[8.6815618,54.8776409],[8.6817106,54.8771337],[8.6798776,54.8771624],[8.6797901,54.8766743],[8.6764699,54.8769601],[8.6762348,54.8765132],[8.6708466,54.8768697],[8.6709077,54.8773931],[8.6678294,54.8776368],[8.663182,54.8775702],[8.6631842,54.8781767],[8.6578659,54.8782229],[8.6577994,54.8778845],[8.6484503,54.8784883],[8.6474629,54.8790698],[8.6474294,54.8793784],[8.6444084,54.8809737],[8.6394642,54.8832187],[8.6339683,54.8849812],[8.6288051,54.8860934],[8.6234128,54.8867669],[8.6187599,54.8870084]]]}},{"type":"Feature","properties":{"fid":29,"assigned":true,"dialect":"frr-x-wieding","name":"Neukirchen","note":"municipality; high","osm":"relation/1418943","line":30,"km2":31.5},"geometry":{"type":"Polygon","coordinates":[[[8.6983803,54.8754067],[8.7167557,54.8761031],[8.7189835,54.8765784],[8.7178931,54.8780419],[8.7186555,54.8789762],[8.7185229,54.8790601],[8.7180045,54.879175],[8.7175473,54.879059],[8.7145458,54.8791248],[8.7173402,54.8810807],[8.7183682,54.8806599],[8.7189685,54.8810521],[8.7191293,54.8810021],[8.7222338,54.8830085],[8.722479,54.8828682],[8.7262229,54.8852924],[8.7272806,54.884826],[8.7289255,54.8855995],[8.7331211,54.8838075],[8.7341453,54.8832035],[8.7321478,54.8803584],[8.7303452,54.8781386],[8.7318708,54.8764637],[8.7340334,54.8753637],[8.7360683,54.8777877],[8.7358237,54.8778876],[8.7362461,54.8781668],[8.7404934,54.8832377],[8.7385738,54.884193],[8.743975,54.885403],[8.7461613,54.8856083],[8.7467682,54.8835806],[8.7483099,54.8839046],[8.7495442,54.8844194],[8.7512597,54.8821392],[8.7538221,54.88325],[8.7584531,54.8849144],[8.7587348,54.8846341],[8.7581133,54.884135],[8.7588974,54.8826559],[8.7596253,54.8818661],[8.7595772,54.8815444],[8.7606158,54.8808745],[8.7619282,54.8804335],[8.7640697,54.8809636],[8.7655372,54.8808813],[8.7677856,54.8818042],[8.7683645,54.882715],[8.7689254,54.8841456],[8.7682962,54.8843645],[8.7682685,54.8855657],[8.767652,54.8872172],[8.7679492,54.8875645],[8.7685262,54.8877632],[8.771905,54.8868497],[8.7768138,54.8862111],[8.7783433,54.8849203],[8.7789262,54.8840123],[8.7787922,54.8825447],[8.7789487,54.8825537],[8.7799346,54.8840624],[8.7809779,54.8829358],[8.7843641,54.8834282],[8.7870049,54.8831651],[8.7888511,54.8825915],[8.7913644,54.8813624],[8.7935067,54.8810222],[8.7935768,54.881668],[8.7939636,54.8822058],[8.7944478,54.8822731],[8.7944627,54.882407],[8.7987976,54.8816982],[8.8046124,54.8810861],[8.8046461,54.8805112],[8.8061637,54.8792612],[8.8071394,54.8768114],[8.805898,54.8767738],[8.8047377,54.8703967],[8.8161362,54.8689298],[8.8012673,54.8505762],[8.799343,54.8510827],[8.7979774,54.8506009],[8.7962359,54.8496428],[8.7953101,54.8496213],[8.7951028,54.8493202],[8.7939406,54.8494414],[8.7935748,54.8481881],[8.7912857,54.8473584],[8.7935669,54.8447816],[8.7974132,54.8438601],[8.7959349,54.8397286],[8.7937098,54.8408257],[8.7520813,54.8392977],[8.7499395,54.8395497],[8.7454698,54.8408903],[8.7449477,54.8411131],[8.7437971,54.8420298],[8.7432368,54.8421854],[8.7306973,54.8414917],[8.7274971,54.8423294],[8.7238684,54.8409432],[8.7202892,54.8406085],[8.7179897,54.8395936],[8.717023,54.8393526],[8.7138368,54.8410681],[8.7131621,54.8411707],[8.7113753,54.8409419],[8.7084637,54.8396901],[8.7076581,54.8417471],[8.707308,54.8418097],[8.7053843,54.8449234],[8.7015674,54.8443183],[8.7004286,54.8453231],[8.6960626,54.8451027],[8.6956886,54.845822],[8.6925778,54.8470245],[8.6912201,54.8521514],[8.6902328,54.8539893],[8.6900308,54.8540933],[8.6910445,54.854195],[8.6907718,54.8552497],[8.6919062,54.8561117],[8.6915895,54.8562306],[8.6930408,54.8570156],[8.6957138,54.8589028],[8.6960515,54.85947],[8.6958686,54.8598893],[8.6979747,54.8628265],[8.6981163,54.8636848],[8.6983803,54.8754067]]]}},{"type":"Feature","properties":{"fid":30,"assigned":true,"dialect":"frr-x-wieding","name":"Rodenäs","note":"municipality; high","osm":"relation/1418655","line":31,"km2":19.8},"geometry":{"type":"Polygon","coordinates":[[[8.6810444,54.9104065],[8.6871246,54.9088386],[8.6916512,54.9069295],[8.6960648,54.9052893],[8.6968492,54.9046617],[8.6997155,54.9036972],[8.700891,54.9028466],[8.7076812,54.900917],[8.7098168,54.8988691],[8.7166633,54.8972506],[8.7162641,54.8965019],[8.7197842,54.8952279],[8.7279111,54.8927495],[8.7351641,54.8930526],[8.7352957,54.8929194],[8.7351791,54.8923618],[8.7353633,54.8917859],[8.7365705,54.8901294],[8.7391289,54.8882828],[8.7440131,54.8854102],[8.7385738,54.884193],[8.7404934,54.8832377],[8.7362461,54.8781668],[8.7358237,54.8778876],[8.7360683,54.8777877],[8.7340334,54.8753637],[8.7318708,54.8764637],[8.7303452,54.8781386],[8.7321478,54.8803584],[8.7341453,54.8832035],[8.7331211,54.8838075],[8.7289255,54.8855995],[8.7272806,54.884826],[8.7262229,54.8852924],[8.722479,54.8828682],[8.7222338,54.8830085],[8.7191293,54.8810021],[8.7189685,54.8810521],[8.7183682,54.8806599],[8.7173402,54.8810807],[8.7145458,54.8791248],[8.7175473,54.879059],[8.7180045,54.879175],[8.7185229,54.8790601],[8.7186555,54.8789762],[8.7178931,54.8780419],[8.7189835,54.8765784],[8.7167557,54.8761031],[8.6994211,54.8753876],[8.6983803,54.8754067],[8.6946312,54.8764983],[8.6942812,54.8762647],[8.6926645,54.8765788],[8.6896446,54.8767372],[8.6894525,54.8772101],[8.6857856,54.8771694],[8.6859834,54.8775822],[8.6815618,54.8776409],[8.6817106,54.8771337],[8.6798776,54.8771624],[8.6797901,54.8766743],[8.6764699,54.8769601],[8.6762348,54.8765132],[8.6708466,54.8768697],[8.6709077,54.8773931],[8.6678294,54.8776368],[8.663182,54.8775702],[8.6631842,54.8781767],[8.6578659,54.8782229],[8.6577994,54.8778845],[8.6484503,54.8784883],[8.6474629,54.8790698],[8.6474294,54.8793784],[8.643218,54.8815846],[8.6381226,54.8837116],[8.6317795,54.8855066],[8.6249802,54.8866176],[8.6202833,54.8869652],[8.6171389,54.8870169],[8.6000777,54.8864538],[8.6000543,54.8866779],[8.6026312,54.8869559],[8.6284192,54.8914819],[8.6316433,54.8924389],[8.6345268,54.8939683],[8.6359299,54.8951174],[8.6366374,54.8959361],[8.6373668,54.89714],[8.6377826,54.8985437],[8.6378237,54.899513],[8.6369591,54.9080162],[8.637064,54.911357],[8.6600324,54.9086696],[8.6685208,54.9113124],[8.6713823,54.9112859],[8.6756234,54.910831],[8.677313,54.9109129],[8.6810444,54.9104065]]]}},{"type":"Feature","properties":{"fid":31,"assigned":true,"dialect":"frr-x-mooring","name":"Galmsbüll","note":"municipality; low: historically Horsbüllharde = old name of Wiedingharde, per 1462 church record; later became part of Amt Bökingharde","osm":"relation/1420451","line":32,"km2":49.0},"geometry":{"type":"Polygon","coordinates":[[[8.7128841,54.7381371],[8.7151519,54.7385716],[8.717012,54.7395717],[8.7216243,54.7412244],[8.7226792,54.7407678],[8.7238501,54.7405695],[8.7240913,54.7409655],[8.7419212,54.7503019],[8.7489471,54.7520449],[8.754738,54.7527347],[8.759453,54.750739],[8.7613326,54.7488693],[8.7603636,54.7432744],[8.7573926,54.7419795],[8.7582194,54.741053],[8.7613822,54.7382506],[8.7618065,54.7363048],[8.7634115,54.7334317],[8.7637917,54.7331806],[8.7653974,54.7327619],[8.7659485,54.7322694],[8.7652632,54.7299558],[8.7681587,54.7245997],[8.7767223,54.7249092],[8.7807613,54.7247522],[8.7835359,54.7232671],[8.7857085,54.7218247],[8.7874948,54.7216265],[8.7887391,54.7235362],[8.7885365,54.7240381],[8.7888478,54.725159],[8.78951,54.7258728],[8.7906664,54.7265676],[8.7914802,54.7278204],[8.7912758,54.7278784],[8.7919559,54.7284509],[8.7981169,54.7385657],[8.8029753,54.7443687],[8.804366,54.7457993],[8.8060566,54.7472142],[8.8071809,54.7488608],[8.8091828,54.7511537],[8.8129399,54.7545137],[8.8127599,54.7558321],[8.8128054,54.759835],[8.8092746,54.7607999],[8.8092334,54.7611032],[8.8087819,54.7615732],[8.8028052,54.7632543],[8.8022197,54.7635385],[8.8021582,54.7639109],[8.8023382,54.7639612],[8.8022345,54.7640388],[8.8079771,54.7705161],[8.8095722,54.7725278],[8.8110377,54.7739765],[8.812177,54.7754563],[8.8131135,54.7770036],[8.81364,54.7769805],[8.8131915,54.7771325],[8.8140147,54.7783645],[8.8152009,54.7786136],[8.8159534,54.7785858],[8.8185327,54.7795164],[8.8210379,54.7819966],[8.8179262,54.7829913],[8.8154612,54.7833537],[8.8126708,54.7841178],[8.8112367,54.7849808],[8.8107534,54.7857808],[8.8016652,54.789574],[8.8006364,54.7897538],[8.7988437,54.7897807],[8.7979083,54.7909941],[8.7972692,54.7912368],[8.7966457,54.7913626],[8.7835682,54.7909949],[8.7802527,54.7914728],[8.7758056,54.7925388],[8.7741186,54.7932372],[8.773897,54.7935439],[8.7736556,54.7934289],[8.7603918,54.7990355],[8.7512864,54.805684],[8.7477593,54.8067048],[8.7471759,54.8074007],[8.7473672,54.8083992],[8.7472577,54.8085844],[8.742709,54.8101725],[8.7407395,54.810574],[8.73883,54.8106743],[8.7324369,54.8091459],[8.7285933,54.8067193],[8.727505,54.8053815],[8.7264001,54.8050478],[8.7258293,54.8046193],[8.7250448,54.8043035],[8.7198478,54.8025836],[8.71613,54.800682],[8.7139287,54.8000154],[8.6983016,54.7982628],[8.698327,54.7977192],[8.6979826,54.7966746],[8.6977373,54.796415],[8.6969131,54.7961173],[8.6890964,54.7956044],[8.6854332,54.7943033],[8.6850551,54.7938197],[8.6843507,54.7936308],[8.6806423,54.7899596],[8.6917588,54.7773718],[8.6916342,54.7770255],[8.6919315,54.7763392],[8.6918895,54.7760917],[8.6921519,54.7759683],[8.6924491,54.775025],[8.6927474,54.7748467],[8.6927749,54.7744628],[8.6937799,54.7740139],[8.6946188,54.7739545],[8.6955548,54.7730713],[8.6950133,54.7726087],[8.695273,54.7716716],[8.695997,54.7706061],[8.6964141,54.7703436],[8.6957143,54.7695742],[8.6958554,54.7689011],[8.6961453,54.7685905],[8.6986817,54.7693104],[8.6965144,54.7659639],[8.6961343,54.765891],[8.695885,54.7649292],[8.6951099,54.7636517],[8.6948917,54.7627097],[8.6959104,54.7594001],[8.699301,54.7577735],[8.7025155,54.7557691],[8.7068044,54.7505377],[8.7067469,54.744002],[8.7069594,54.7435982],[8.7128841,54.7381371]]]}},{"type":"Feature","properties":{"fid":32,"assigned":true,"dialect":"frr-x-mooring","name":"Dagebüll","note":"municipality; high","osm":"relation/1420450","line":33,"km2":36.8},"geometry":{"type":"Polygon","coordinates":[[[8.7111124,54.7377477],[8.7151519,54.7385716],[8.717012,54.7395717],[8.7216243,54.7412244],[8.7226792,54.7407678],[8.7238501,54.7405695],[8.7240913,54.7409655],[8.7419212,54.7503019],[8.7489471,54.7520449],[8.754738,54.7527347],[8.759453,54.750739],[8.7613326,54.7488693],[8.7603636,54.7432744],[8.7573926,54.7419795],[8.7582194,54.741053],[8.7613822,54.7382506],[8.7618065,54.7363048],[8.7634115,54.7334317],[8.7637917,54.7331806],[8.7653974,54.7327619],[8.7659485,54.7322694],[8.7652632,54.7299558],[8.7681587,54.7245997],[8.7767223,54.7249092],[8.7807613,54.7247522],[8.7835359,54.7232671],[8.7857085,54.7218247],[8.7874948,54.7216265],[8.7887391,54.7235362],[8.7885365,54.7240381],[8.7888478,54.725159],[8.78951,54.7258728],[8.7905813,54.7264547],[8.7914802,54.7278204],[8.7912758,54.7278784],[8.7919559,54.7284509],[8.7987451,54.7253412],[8.8227307,54.7173559],[8.8288726,54.7158226],[8.8319185,54.7157489],[8.8339018,54.7165146],[8.8358651,54.7173369],[8.8437185,54.721856],[8.8448606,54.7238174],[8.8470433,54.7261057],[8.8479428,54.7266677],[8.8542647,54.7327526],[8.85417,54.7331301],[8.8564793,54.7333636],[8.8564046,54.7336952],[8.8566817,54.7338437],[8.8574775,54.7337155],[8.857884,54.7343215],[8.8590138,54.7339405],[8.8602457,54.7349033],[8.8615341,54.7347167],[8.8612624,54.7340766],[8.8603265,54.733621],[8.8632496,54.7320557],[8.8608137,54.7309998],[8.8585306,54.7288797],[8.8555804,54.7271392],[8.8525829,54.7257069],[8.8518599,54.7256009],[8.851312,54.7253225],[8.8509693,54.7250616],[8.8502517,54.723752],[8.8478139,54.7229508],[8.8471363,54.7220855],[8.8440951,54.7195457],[8.8426504,54.7191928],[8.8406476,54.7178244],[8.8430807,54.7165043],[8.841591,54.7154786],[8.8446118,54.7139004],[8.8461546,54.7128764],[8.8474646,54.7116786],[8.8501719,54.7096122],[8.8501985,54.7084034],[8.8505837,54.7074932],[8.85052,54.7058154],[8.8515908,54.7029427],[8.8526578,54.7011419],[8.8551101,54.6980752],[8.8551169,54.6974378],[8.8521537,54.6945501],[8.8495213,54.6913245],[8.8479715,54.6890925],[8.8471887,54.6885732],[8.8449905,54.6877129],[8.8430813,54.6873625],[8.8410604,54.6876177],[8.8377171,54.6898695],[8.8358399,54.6921188],[8.8340505,54.6932735],[8.8316873,54.6940911],[8.8289104,54.6945134],[8.8269346,54.6946136],[8.8252371,54.6936582],[8.8254384,54.6931983],[8.8253294,54.6926775],[8.824956,54.6923515],[8.8232468,54.69298],[8.823194,54.6926293],[8.8223143,54.6924007],[8.8199852,54.6911035],[8.8166296,54.6889141],[8.8125176,54.6868394],[8.8112322,54.6864502],[8.8113274,54.6862637],[8.8068226,54.6857117],[8.7695142,54.6840822],[8.7559983,54.6823853],[8.7513589,54.6814713],[8.7511366,54.6818733],[8.7513728,54.6821082],[8.7532859,54.6824805],[8.7535478,54.6840638],[8.7514805,54.6876353],[8.7502977,54.6899554],[8.7500164,54.6908675],[8.7500307,54.6915386],[8.7503973,54.6927924],[8.7502102,54.6936205],[8.7508646,54.6955254],[8.7518548,54.6971006],[8.7520462,54.6981983],[8.7519535,54.6988003],[8.7515846,54.6995703],[8.7509132,54.7003252],[8.7485354,54.7018599],[8.7473443,54.7031051],[8.7415688,54.7146718],[8.7406058,54.7157606],[8.7394721,54.7164744],[8.7311432,54.7194725],[8.7201384,54.7251898],[8.7185369,54.7252736],[8.7122252,54.7235228],[8.6970738,54.7245363],[8.6966955,54.7247102],[8.6933222,54.7251165],[8.6927697,54.725379],[8.692587,54.725633],[8.6927468,54.7273192],[8.6927168,54.7274891],[8.6923224,54.7275676],[8.6923005,54.7277483],[8.6926748,54.7277994],[8.6926153,54.7284138],[8.6921137,54.7290058],[8.6919298,54.7295403],[8.6869931,54.7305306],[8.6871764,54.730847],[8.68944,54.7320913],[8.6939726,54.7303909],[8.7023541,54.7347997],[8.7052863,54.7352666],[8.7105806,54.7371803],[8.7111124,54.7377477]]]}},{"type":"Feature","properties":{"fid":33,"assigned":true,"dialect":"frr-x-mooring","name":"Niebüll","note":"municipality; medium: town; historic administrative/church centre of the Bökingharde and of the Westermooring dialect area","osm":"relation/1428482","line":34,"km2":30.5},"geometry":{"type":"Polygon","coordinates":[[[8.7518579,54.8061778],[8.7519702,54.8058208],[8.751503,54.8055174],[8.7603918,54.7990355],[8.7736556,54.7934289],[8.773897,54.7935439],[8.7741186,54.7932372],[8.7758056,54.7925388],[8.7802527,54.7914728],[8.7835682,54.7909949],[8.7966457,54.7913626],[8.7972692,54.7912368],[8.7979083,54.7909941],[8.7988437,54.7897807],[8.8006364,54.7897538],[8.8016652,54.789574],[8.8107534,54.7857808],[8.8112367,54.7849808],[8.8126708,54.7841178],[8.8154612,54.7833537],[8.8179262,54.7829913],[8.8210379,54.7819966],[8.8185327,54.7795164],[8.8159534,54.7785858],[8.8152009,54.7786136],[8.8140147,54.7783645],[8.8131915,54.7771325],[8.81364,54.7769805],[8.8131135,54.7770036],[8.812177,54.7754563],[8.8110377,54.7739765],[8.8095722,54.7725278],[8.8079771,54.7705161],[8.8022345,54.7640388],[8.8023382,54.7639612],[8.8021582,54.7639109],[8.8022197,54.7635385],[8.8028052,54.7632543],[8.8087819,54.7615732],[8.8092334,54.7611032],[8.8092746,54.7607999],[8.8133226,54.7596759],[8.8160901,54.7613393],[8.8199369,54.7629395],[8.8217665,54.7640839],[8.8232121,54.7645782],[8.8266869,54.7664632],[8.8308925,54.7679219],[8.8325128,54.7690476],[8.8429901,54.7747922],[8.8434681,54.7746235],[8.8446668,54.775642],[8.8474541,54.7752616],[8.8463989,54.7760864],[8.8469455,54.7770096],[8.8503347,54.7788455],[8.8511886,54.7795465],[8.852783,54.7815345],[8.8550217,54.7815345],[8.8553192,54.7818096],[8.8554786,54.7844961],[8.8558133,54.784476],[8.855908,54.7915121],[8.8561415,54.7917575],[8.8556125,54.7920297],[8.8584937,54.7936845],[8.8587537,54.7940049],[8.8622193,54.7956444],[8.8545059,54.7992466],[8.8303304,54.8136031],[8.8201291,54.8161701],[8.8145717,54.8178066],[8.8113084,54.8180673],[8.813952,54.8223701],[8.8133673,54.8240808],[8.801292,54.8345508],[8.7982412,54.8386001],[8.7937098,54.8408257],[8.7662815,54.8398086],[8.7631726,54.8362507],[8.7604527,54.8264952],[8.7577415,54.826046],[8.7567075,54.8255115],[8.7562165,54.8245452],[8.758467,54.8222888],[8.7599894,54.8216256],[8.7601701,54.8211289],[8.7605054,54.8208608],[8.7587816,54.8195501],[8.754576,54.8124314],[8.7544637,54.8115085],[8.7564193,54.8099638],[8.7518579,54.8061778]]]}},{"type":"Feature","properties":{"fid":34,"assigned":true,"dialect":"frr-x-mooring","name":"Risum-Lindholm","note":"municipality; high","osm":"relation/1417210","line":35,"km2":36.0},"geometry":{"type":"Polygon","coordinates":[[[8.7919559,54.7284509],[8.7979489,54.73833],[8.7986694,54.7392556],[8.8029753,54.7443687],[8.804366,54.7457993],[8.8060566,54.7472142],[8.8071809,54.7488608],[8.8091828,54.7511537],[8.8129399,54.7545137],[8.8127599,54.7558321],[8.8128054,54.759835],[8.8133226,54.7596759],[8.8160901,54.7613393],[8.8199369,54.7629395],[8.8217665,54.7640839],[8.8232121,54.7645782],[8.8266869,54.7664632],[8.8308925,54.7679219],[8.8325128,54.7690476],[8.8429901,54.7747922],[8.8434681,54.7746235],[8.8446668,54.775642],[8.8474541,54.7752616],[8.8463989,54.7760864],[8.8469455,54.7770096],[8.8503347,54.7788455],[8.8511886,54.7795465],[8.852783,54.7815345],[8.8550217,54.7815345],[8.8553192,54.7818096],[8.8554786,54.7844961],[8.8558133,54.784476],[8.855908,54.7915121],[8.8561415,54.7917575],[8.8556125,54.7920297],[8.8584937,54.7936845],[8.8587537,54.7940049],[8.8622193,54.7956444],[8.8698697,54.791356],[8.8765268,54.7880586],[8.8804944,54.7873349],[8.8869089,54.7856794],[8.8891076,54.7853499],[8.9003224,54.7826446],[8.9049008,54.7807931],[8.9075788,54.7800316],[8.9094818,54.7790499],[8.9120839,54.7808891],[8.9147344,54.783362],[8.9195741,54.7786426],[8.9222487,54.7726384],[8.9183527,54.7728891],[8.9230239,54.7659279],[8.9044783,54.7610614],[8.9032317,54.7604223],[8.8966181,54.755777],[8.8955779,54.7536361],[8.8956567,54.753558],[8.8973704,54.7529106],[8.9017073,54.7517055],[8.9011159,54.7509634],[8.9033514,54.7503513],[8.902295,54.7499088],[8.9001722,54.7495326],[8.8986942,54.7497068],[8.9001037,54.7462946],[8.8945158,54.7484345],[8.8916601,54.7471954],[8.890991,54.746707],[8.8908605,54.7465836],[8.8909578,54.7464461],[8.890627,54.7462242],[8.8887184,54.7464527],[8.8882291,54.7458494],[8.8884885,54.7457863],[8.8884886,54.7455064],[8.8867535,54.7441339],[8.8908557,54.7395271],[8.8864319,54.738234],[8.8894179,54.7375522],[8.889657,54.7368007],[8.8890547,54.7369255],[8.888023,54.7375347],[8.8787389,54.7394934],[8.8788097,54.7395747],[8.8782501,54.7397453],[8.8767595,54.7398355],[8.8740136,54.7405859],[8.8727045,54.7407032],[8.8727171,54.7405542],[8.8710726,54.7405799],[8.8681858,54.7385782],[8.8681681,54.7383017],[8.8673907,54.7376325],[8.866612,54.7375928],[8.8632261,54.735322],[8.8631,54.7349599],[8.8625119,54.7345076],[8.8621515,54.7346275],[8.8612624,54.7340766],[8.8615341,54.7347167],[8.8602457,54.7349033],[8.8590138,54.7339405],[8.857884,54.7343215],[8.8574775,54.7337155],[8.8566817,54.7338437],[8.8564046,54.7336952],[8.8564793,54.7333636],[8.85417,54.7331301],[8.8542647,54.7327526],[8.8479428,54.7266677],[8.8470433,54.7261057],[8.8448606,54.7238174],[8.8437185,54.721856],[8.8357234,54.7172609],[8.8320027,54.7157667],[8.8288726,54.7158226],[8.8227307,54.7173559],[8.7987451,54.7253412],[8.7919559,54.7284509]]]}},{"type":"Feature","properties":{"fid":35,"assigned":true,"dialect":"frr-x-karrhard","name":"Holm","note":"municipality; low: sits on the Gotteskoog boundary between Bökingharde and Karrharde, borders both Niebüll and Bosbüll/Braderup; no explicit source found, best-guess Bökingharde","osm":"relation/1420394","line":36,"km2":4.0},"geometry":{"type":"Polygon","coordinates":[[[8.8131932,54.8242412],[8.8137954,54.8241608],[8.8142715,54.8242915],[8.8143642,54.8264466],[8.8152293,54.8291934],[8.819674,54.8296388],[8.8213875,54.8293733],[8.8212621,54.8278389],[8.8223314,54.8266453],[8.8276378,54.8246667],[8.8295086,54.8262009],[8.82948,54.8270803],[8.8322863,54.8267386],[8.8321217,54.8264245],[8.8334863,54.8263052],[8.8406517,54.8282423],[8.8457289,54.8291134],[8.8489559,54.8293068],[8.8529758,54.8291598],[8.8609875,54.8307538],[8.8611371,54.8305515],[8.8620609,54.8307247],[8.8633568,54.8305213],[8.8679589,54.8307527],[8.8720832,54.8307444],[8.8718379,54.8361396],[8.8713522,54.8364392],[8.8606511,54.8367035],[8.8587663,54.8348129],[8.8532824,54.8369166],[8.8487268,54.8378813],[8.8479724,54.838201],[8.8476512,54.8385039],[8.8474568,54.8384335],[8.8473898,54.837947],[8.8480292,54.8366593],[8.8427307,54.8372927],[8.8359518,54.836829],[8.8359828,54.8364625],[8.8336398,54.8363222],[8.833703,54.8340594],[8.8334494,54.8340636],[8.8328632,54.8341676],[8.8311731,54.8348989],[8.8296846,54.835106],[8.8010923,54.8384113],[8.8014232,54.8380241],[8.8031106,54.8372774],[8.8032069,54.8369766],[8.8027681,54.8366373],[8.8010786,54.8374907],[8.7991154,54.837465],[8.801292,54.8345508],[8.8131932,54.8242412]]]}},{"type":"Feature","properties":{"fid":36,"assigned":true,"dialect":"frr-x-karrhard","name":"Bosbüll","note":"municipality; high","osm":"relation/1420392","line":37,"km2":6.3},"geometry":{"type":"Polygon","coordinates":[[[8.842342,54.8064669],[8.846091,54.8128538],[8.8604107,54.8117999],[8.8659305,54.8129135],[8.8666364,54.8155302],[8.8684529,54.8164095],[8.869079,54.8170033],[8.8706294,54.8177467],[8.8703923,54.8189912],[8.8705425,54.8198817],[8.8704023,54.8220242],[8.8704497,54.8250108],[8.8679032,54.8246212],[8.8667069,54.8272334],[8.8722846,54.8280721],[8.8722518,54.8307494],[8.8679589,54.8307527],[8.8633568,54.8305213],[8.8620609,54.8307247],[8.8611371,54.8305515],[8.8609875,54.8307538],[8.8529758,54.8291598],[8.8489559,54.8293068],[8.8457289,54.8291134],[8.8406517,54.8282423],[8.8334863,54.8263052],[8.8321217,54.8264245],[8.8322863,54.8267386],[8.82948,54.8270803],[8.8295086,54.8262009],[8.8276378,54.8246667],[8.8223314,54.8266453],[8.8212621,54.8278389],[8.8213875,54.8293733],[8.819674,54.8296388],[8.8152293,54.8291934],[8.8143642,54.8264466],[8.8142715,54.8242915],[8.8137954,54.8241608],[8.8131932,54.8242412],[8.8134176,54.8240153],[8.813952,54.8223701],[8.8112888,54.8180834],[8.8145717,54.8178066],[8.8201291,54.8161701],[8.8302087,54.813651],[8.842342,54.8064669]]]}},{"type":"Feature","properties":{"fid":37,"assigned":true,"dialect":"frr-x-karrhard","name":"Enge-Sande","note":"municipality; high","osm":"relation/1416962","line":38,"km2":24.7},"geometry":{"type":"Polygon","coordinates":[[[8.93691,54.7308884],[8.9367037,54.7292657],[8.9367767,54.7287638],[8.9374609,54.7280363],[8.938981,54.7272299],[8.9400247,54.7269868],[8.9418257,54.7269244],[8.9439357,54.7275489],[8.9447485,54.7276179],[8.9461821,54.7272371],[8.9480597,54.7272199],[8.9492579,54.727008],[8.9509948,54.7260974],[8.9513198,54.7253355],[8.950811,54.7242717],[8.9508397,54.7234109],[8.951104,54.7227178],[8.9516975,54.7220824],[8.9541764,54.7204342],[8.9564513,54.7199817],[8.9570899,54.7196158],[8.9574988,54.7191939],[8.9589692,54.7161427],[8.9602244,54.7152986],[8.9626814,54.7143778],[8.9645117,54.7125074],[8.9660518,54.7118635],[8.9679174,54.7114732],[8.9696259,54.7115072],[8.9737438,54.7120351],[8.97636,54.7120215],[8.9791846,54.7125335],[8.9836574,54.71301],[8.9856574,54.7130478],[8.9879092,54.7126775],[8.9892987,54.7122511],[8.9946957,54.7093749],[8.9963228,54.7088746],[8.9987128,54.7085698],[9.0084488,54.7081868],[9.0104676,54.7077988],[9.0125955,54.7071289],[9.014532,54.7060645],[9.0219132,54.7003416],[9.0258359,54.6988941],[9.0271628,54.6978369],[9.0281534,54.6973703],[9.0319755,54.6959539],[9.0352563,54.6959643],[9.0402019,54.6952806],[9.0416927,54.6949271],[9.0430699,54.6942479],[9.0504799,54.6947561],[9.051259,54.6951946],[9.0528016,54.6975599],[9.0535507,54.6980638],[9.0587664,54.6993949],[9.061736,54.7006264],[9.0642582,54.7013818],[9.0664894,54.7017202],[9.0709556,54.7014691],[9.0719901,54.70164],[9.0723938,54.7018394],[9.0746796,54.703947],[9.0757344,54.7047154],[9.080431,54.7068681],[9.0810178,54.7075767],[9.082366,54.7098791],[9.0820703,54.7111608],[9.0823263,54.7124825],[9.0805984,54.7138909],[9.0803725,54.7144421],[9.0787307,54.7138818],[9.0783423,54.7136153],[9.06964,54.7143412],[9.0609182,54.7153678],[9.0534963,54.7164363],[9.0525497,54.7166249],[9.0502273,54.7188514],[9.0490696,54.7192501],[9.0485779,54.7192856],[9.0462692,54.7186589],[9.0422297,54.7183138],[9.033027,54.7165516],[9.0295811,54.7170542],[9.0307569,54.7192042],[9.0313902,54.7193621],[9.0343601,54.721043],[9.0359336,54.7227314],[9.0353255,54.7230119],[9.0333082,54.7248818],[9.0312495,54.7249649],[9.0310246,54.7256439],[9.0281212,54.7263341],[9.0220688,54.7267595],[9.0215498,54.7309162],[9.0193845,54.7367036],[9.0182279,54.7366005],[9.019392,54.7391857],[9.007096,54.7401977],[8.9989479,54.740577],[8.9877354,54.7404876],[8.9743335,54.7407714],[8.960276,54.7408315],[8.949523,54.7429232],[8.9491214,54.7424676],[8.9472851,54.7432789],[8.9454119,54.7436976],[8.9438683,54.7438092],[8.9396449,54.7436481],[8.9391325,54.7434807],[8.9384526,54.7397141],[8.9373224,54.7395719],[8.9369309,54.7375874],[8.9366516,54.7376374],[8.9362555,54.7365164],[8.936897,54.7364165],[8.9353289,54.7332723],[8.9349672,54.7335199],[8.9275091,54.7310538],[8.9299339,54.728636],[8.9301315,54.7287051],[8.9302915,54.7285762],[8.93691,54.7308884]]]}},{"type":"Feature","properties":{"fid":38,"assigned":true,"dialect":"frr-x-karrhard","name":"Klixbüll","note":"municipality; high","osm":"relation/1420393","line":39,"km2":17.4},"geometry":{"type":"Polygon","coordinates":[[[8.8686888,54.8167194],[8.8711658,54.8159824],[8.8762379,54.8155771],[8.8763211,54.8168429],[8.8760652,54.8190794],[8.8797536,54.8201251],[8.8870892,54.8209381],[8.8941043,54.8221424],[8.8953425,54.8222296],[8.8971439,54.8235391],[8.8996094,54.8231171],[8.9027295,54.8228815],[8.9037875,54.8228904],[8.9051218,54.8231331],[8.906885,54.8229719],[8.9101098,54.8232267],[8.9129032,54.8230422],[8.9129958,54.8226283],[8.912457,54.8220597],[8.9144371,54.8199968],[8.912798,54.8193867],[8.9126066,54.8182178],[8.9153378,54.80984],[8.9156071,54.8093986],[8.9154778,54.8093698],[8.9174453,54.8039148],[8.9161938,54.8035052],[8.9162252,54.8033208],[8.9183774,54.8032611],[8.9196082,54.8020767],[8.9200211,54.8024425],[8.9212084,54.8020205],[8.9209058,54.8017122],[8.9210765,54.8016432],[8.9207032,54.8012946],[8.9211762,54.8010736],[8.9209529,54.8008396],[8.926928,54.7951513],[8.9273101,54.7952077],[8.9336623,54.7936465],[8.9427759,54.7947867],[8.9380715,54.7874178],[8.930229,54.7773574],[8.928584,54.7768627],[8.9269989,54.7771667],[8.920325,54.7790122],[8.9195741,54.7786426],[8.9146618,54.7833854],[8.9120839,54.7808891],[8.9094818,54.7790499],[8.9075788,54.7800316],[8.9049008,54.7807931],[8.9003224,54.7826446],[8.8891076,54.7853499],[8.8869089,54.7856794],[8.8804944,54.7873349],[8.8763054,54.7881416],[8.8698697,54.791356],[8.86343,54.7948515],[8.8620818,54.7957349],[8.8545059,54.7992466],[8.842342,54.8064669],[8.846091,54.8128538],[8.8604107,54.8117999],[8.8659305,54.8129135],[8.8666364,54.8155302],[8.8684529,54.8164095],[8.8686888,54.8167194]]]}},{"type":"Feature","properties":{"fid":39,"assigned":true,"dialect":"frr-x-karrhard","name":"Leck","note":"municipality; high","osm":"relation/1417213","line":40,"km2":29.7},"geometry":{"type":"Polygon","coordinates":[[[8.9195741,54.7786426],[8.920325,54.7790122],[8.9269989,54.7771667],[8.928584,54.7768627],[8.930229,54.7773574],[8.9380715,54.7874178],[8.9427759,54.7947867],[8.9664315,54.7991026],[8.9703377,54.802848],[8.9705821,54.8028166],[8.9853863,54.7998967],[8.9872374,54.797046],[8.984387,54.7953253],[8.9832302,54.7944354],[8.9809353,54.7932491],[8.9807156,54.79283],[8.9790719,54.7918911],[8.9781176,54.7911277],[8.977954,54.7909323],[8.9776597,54.786565],[8.9902413,54.7799548],[9.0047262,54.7829916],[9.0109558,54.7746512],[9.009783,54.7742685],[9.0070327,54.7729688],[9.0056745,54.7726631],[9.0044472,54.7725909],[9.0037981,54.7687818],[9.0039994,54.7687677],[9.0038922,54.768284],[9.002792,54.7683449],[9.0027728,54.768036],[9.0040781,54.7678343],[9.0087186,54.7676884],[9.0102521,54.7679703],[9.0113908,54.7677591],[9.0129858,54.766257],[9.0126445,54.7646421],[9.0127227,54.7641959],[9.015299,54.7623644],[9.0153584,54.7617709],[9.0039725,54.7544713],[9.0056416,54.7492494],[9.0080302,54.7446606],[9.0073661,54.7401726],[8.9986513,54.7405851],[8.9877354,54.7404876],[8.9743335,54.7407714],[8.960276,54.7408315],[8.949523,54.7429232],[8.9491214,54.7424676],[8.9472851,54.7432789],[8.944668,54.7437763],[8.9402753,54.7436871],[8.9359976,54.7433448],[8.9302462,54.7436647],[8.9302415,54.7442567],[8.9288038,54.7442918],[8.9287873,54.7440827],[8.9282722,54.7440933],[8.9282572,54.7438842],[8.929265,54.743732],[8.9262549,54.7440125],[8.9255085,54.7441904],[8.9231044,54.7543296],[8.9219867,54.7542983],[8.9216376,54.7547984],[8.9210383,54.7547057],[8.9141312,54.7636361],[8.9230239,54.7659279],[8.9183527,54.7728891],[8.9222487,54.7726384],[8.9195741,54.7786426]]]}},{"type":"Feature","properties":{"fid":40,"assigned":true,"dialect":"frr-x-karrhard","name":"Stedesand","note":"municipality; medium: the surviving Karrharder Friesisch dialect, incl. its Trollebüll hamlet, is spoken here per ISFAS/Karrharder-Friesisch sources","osm":"relation/1416965","line":41,"km2":15.2},"geometry":{"type":"Polygon","coordinates":[[[8.8488178,54.7106754],[8.8554183,54.7113831],[8.8661733,54.7132616],[8.8659326,54.714471],[8.8646583,54.7138997],[8.8625883,54.7165688],[8.8630785,54.7168357],[8.8651944,54.7187631],[8.8670966,54.7194997],[8.8694033,54.7192517],[8.8721261,54.7201607],[8.8746917,54.7206817],[8.8765038,54.721331],[8.8771912,54.721415],[8.8830086,54.7210155],[8.8872058,54.720129],[8.8891646,54.7194399],[8.8953137,54.7200377],[8.9003855,54.7211552],[8.9077195,54.7234537],[8.9187499,54.7259616],[8.9188733,54.7258679],[8.9297808,54.7285449],[8.9299339,54.728636],[8.9275091,54.7310538],[8.9349672,54.7335199],[8.9353289,54.7332723],[8.936897,54.7364165],[8.9362555,54.7365164],[8.9366516,54.7376374],[8.9369309,54.7375874],[8.9373224,54.7395719],[8.9384526,54.7397141],[8.9391702,54.7435743],[8.9359976,54.7433448],[8.9302462,54.7436647],[8.9302415,54.7442567],[8.9288038,54.7442918],[8.9287873,54.7440827],[8.9282722,54.7440933],[8.9282572,54.7438842],[8.929265,54.743732],[8.9255085,54.7441904],[8.9231044,54.7543296],[8.9219867,54.7542983],[8.9216376,54.7547984],[8.9210383,54.7547057],[8.9141312,54.7636361],[8.9051277,54.7612979],[8.9032317,54.7604223],[8.8967952,54.7559429],[8.8964554,54.7555513],[8.8955779,54.7536361],[8.8973704,54.7529106],[8.9017073,54.7517055],[8.9011159,54.7509634],[8.9033514,54.7503513],[8.902295,54.7499088],[8.9001722,54.7495326],[8.8986942,54.7497068],[8.9001037,54.7462946],[8.8945158,54.7484345],[8.8916601,54.7471954],[8.890991,54.746707],[8.8908605,54.7465836],[8.8909578,54.7464461],[8.890627,54.7462242],[8.8887184,54.7464527],[8.8882291,54.7458494],[8.8884885,54.7457863],[8.8884886,54.7455064],[8.8867535,54.7441339],[8.8908557,54.7395271],[8.8864319,54.738234],[8.8894179,54.7375522],[8.889657,54.7368007],[8.8890547,54.7369255],[8.888023,54.7375347],[8.8787389,54.7394934],[8.8788097,54.7395747],[8.8782501,54.7397453],[8.8767595,54.7398355],[8.8740136,54.7405859],[8.8727045,54.7407032],[8.8727171,54.7405542],[8.8710726,54.7405799],[8.8681858,54.7385782],[8.8681681,54.7383017],[8.8673907,54.7376325],[8.866612,54.7375928],[8.8632261,54.735322],[8.8631,54.7349599],[8.8625119,54.7345076],[8.8621515,54.7346275],[8.8603265,54.733621],[8.8632496,54.7320557],[8.8608137,54.7309998],[8.8585306,54.7288797],[8.8555804,54.7271392],[8.8525829,54.7257069],[8.8518599,54.7256009],[8.851312,54.7253225],[8.8509693,54.7250616],[8.8502517,54.723752],[8.8478139,54.7229508],[8.8471363,54.7220855],[8.8440951,54.7195457],[8.8426504,54.7191928],[8.8406476,54.7178244],[8.8430807,54.7165043],[8.841591,54.7154786],[8.8449368,54.713705],[8.8488178,54.7106754]]]}},{"type":"Feature","properties":{"fid":41,"assigned":true,"dialect":"frr-x-karrhard","name":"Uphusum","note":"municipality; low: lies in the Gotteskoog tripoint zone bordering Karrharde, Bökingharde and Wiedingharde, next to Humptrup/Karrharde and Neukirchen/Wiedingharde; best guess only","osm":"relation/1420391","line":42,"km2":7.0},"geometry":{"type":"Polygon","coordinates":[[[8.7959349,54.8397286],[8.7982412,54.8386001],[8.7990138,54.8374612],[8.8010786,54.8374907],[8.8027681,54.8366373],[8.8032069,54.8369766],[8.8031106,54.8372774],[8.8014232,54.8380241],[8.8010923,54.8384113],[8.8296846,54.835106],[8.8311731,54.8348989],[8.8328632,54.8341676],[8.8334494,54.8340636],[8.833703,54.8340594],[8.8336398,54.8363222],[8.8359828,54.8364625],[8.8359518,54.836829],[8.8427307,54.8372927],[8.8480292,54.8366593],[8.8473898,54.837947],[8.8474568,54.8384335],[8.8476512,54.8385039],[8.8479724,54.838201],[8.8487268,54.8378813],[8.8532824,54.8369166],[8.8587663,54.8348129],[8.8606511,54.8367035],[8.8714425,54.836433],[8.8718055,54.8366051],[8.8717174,54.8389985],[8.8743961,54.8454268],[8.8513476,54.8474013],[8.8414615,54.8496787],[8.8410667,54.8491005],[8.8363355,54.8501861],[8.8363311,54.8503319],[8.8356763,54.8504724],[8.8348973,54.8483004],[8.831229,54.8491727],[8.8315945,54.8502651],[8.8302678,54.8505671],[8.829041,54.8503051],[8.8247548,54.8503524],[8.8239357,54.849816],[8.8225992,54.8505905],[8.8207874,54.8511258],[8.8211896,54.852513],[8.8155362,54.8536751],[8.8163594,54.8557761],[8.8114318,54.8527636],[8.8083814,54.8534919],[8.8079448,54.851789],[8.8119907,54.85124],[8.8093052,54.8501067],[8.8041214,54.8503257],[8.8037363,54.8500054],[8.799343,54.8510827],[8.7979774,54.8506009],[8.7962359,54.8496428],[8.7953101,54.8496213],[8.7951028,54.8493202],[8.7939406,54.8494414],[8.7935748,54.8481881],[8.7912857,54.8473584],[8.7935669,54.8447816],[8.7974132,54.8438601],[8.7959349,54.8397286]]]}},{"type":"Feature","properties":{"fid":42,"assigned":true,"dialect":"frr-x-nordgoes","name":"Bargum","note":"municipality; high","osm":"relation/1416814","line":43,"km2":17.3},"geometry":{"type":"Polygon","coordinates":[[[8.93691,54.7308884],[8.9302915,54.7285762],[8.9301315,54.7287051],[8.9262862,54.7277375],[8.9262231,54.7275726],[8.9127949,54.724574],[8.9105151,54.7202828],[8.9093196,54.7176184],[8.9069317,54.7130846],[8.9066251,54.7127506],[8.9130595,54.7131176],[8.9134601,54.7106256],[8.9173743,54.7105685],[8.9258577,54.7101086],[8.9257633,54.7084366],[8.9255109,54.707625],[8.9250824,54.7070037],[8.9236825,54.7064636],[8.9297053,54.7037322],[8.9263428,54.7017429],[8.9244225,54.7013228],[8.9253208,54.7006102],[8.9258338,54.6999826],[8.926224,54.697711],[8.957149,54.6978071],[8.977492,54.6973817],[8.9775554,54.6971655],[8.9810095,54.6970851],[8.9810403,54.6974256],[8.9840612,54.6965952],[8.9843818,54.6958107],[8.9852751,54.6953283],[8.9906987,54.6940539],[8.9904318,54.6930631],[8.9920031,54.692845],[8.9918574,54.6923733],[8.9936814,54.6922706],[8.9936712,54.6913411],[8.9941196,54.6913236],[8.9939541,54.6908822],[8.9949776,54.690796],[8.9950551,54.6906307],[8.9982402,54.6909568],[8.9991691,54.6911508],[8.9995149,54.6916332],[9.0008172,54.6874865],[9.0034649,54.6845733],[9.0018293,54.6845858],[9.0013715,54.680085],[9.0002986,54.6758461],[9.0137297,54.6795628],[9.0142627,54.6792233],[9.0154685,54.6793317],[9.0165577,54.6792152],[9.0177175,54.6795221],[9.0177566,54.6796319],[9.0164404,54.6802564],[9.0132346,54.6804874],[9.0130198,54.6806909],[9.0120998,54.6809605],[9.0120684,54.6811056],[9.0125108,54.6813054],[9.012778,54.6819745],[9.0129911,54.6821198],[9.0176106,54.6827356],[9.0183042,54.6836931],[9.0183811,54.6840466],[9.017711,54.6849014],[9.0182044,54.6856452],[9.01836,54.6862481],[9.0191585,54.6866999],[9.0212139,54.6895184],[9.0211661,54.6917085],[9.0216801,54.693028],[9.0224932,54.6939361],[9.023424,54.6946055],[9.0256196,54.6956592],[9.027229,54.6961096],[9.0281476,54.6968902],[9.0281534,54.6973703],[9.0271628,54.6978369],[9.0258359,54.6988941],[9.0219132,54.7003416],[9.014186,54.7062892],[9.0122372,54.7072808],[9.0104676,54.7077988],[9.0084488,54.7081868],[8.9987128,54.7085698],[8.9963228,54.7088746],[8.9946957,54.7093749],[8.9892987,54.7122511],[8.9860889,54.7130068],[8.9836574,54.71301],[8.9791846,54.7125335],[8.97636,54.7120215],[8.9737438,54.7120351],[8.9691406,54.7114831],[8.9675903,54.7115161],[8.965104,54.7122008],[8.9645117,54.7125074],[8.9626814,54.7143778],[8.9602244,54.7152986],[8.9589692,54.7161427],[8.9574988,54.7191939],[8.9570899,54.7196158],[8.9564513,54.7199817],[8.9541764,54.7204342],[8.9516975,54.7220824],[8.951104,54.7227178],[8.9508397,54.7234109],[8.950811,54.7242717],[8.9513198,54.7253355],[8.9509948,54.7260974],[8.9492579,54.727008],[8.9480597,54.7272199],[8.9461821,54.7272371],[8.9447485,54.7276179],[8.9439357,54.7275489],[8.9418257,54.7269244],[8.9400247,54.7269868],[8.938981,54.7272299],[8.9374609,54.7280363],[8.9367767,54.7287638],[8.9367037,54.7292657],[8.93691,54.7308884]]]}},{"type":"Feature","properties":{"fid":43,"assigned":true,"dialect":"frr-x-nordgoes","name":"Bordelum","note":"municipality; high","osm":"relation/1416728","line":44,"km2":34.7},"geometry":{"type":"Polygon","coordinates":[[[8.9274066,54.6185226],[8.9290707,54.6175911],[8.9355401,54.61583],[8.9379046,54.6149508],[8.9392653,54.6141993],[8.9397688,54.6144084],[8.9460797,54.6191683],[8.9462514,54.6196387],[8.9458378,54.6197726],[8.9469903,54.6206419],[8.9455514,54.6215124],[8.9447299,54.6224988],[8.9455092,54.6230794],[8.942853,54.6238234],[8.9420348,54.6243527],[8.9425834,54.6248092],[8.9419793,54.6252188],[8.943271,54.625264],[8.9432395,54.6256773],[8.9469356,54.6254784],[8.9520633,54.6256262],[8.9523899,54.6271189],[8.9521101,54.6271406],[8.9524117,54.6284479],[8.9531775,54.6287945],[8.9543398,54.628865],[8.9538795,54.6297078],[8.955352,54.6300534],[8.9550284,54.6305417],[8.9575601,54.6313348],[8.9590731,54.6320266],[8.9625012,54.632144],[8.9623014,54.6331249],[8.9614404,54.6342819],[8.9609332,54.6342593],[8.9624747,54.63637],[8.9634523,54.6368414],[8.9671701,54.641051],[8.9726506,54.6484107],[8.9749165,54.6483599],[8.9757053,54.6480792],[8.9762949,54.647526],[8.9770857,54.6472854],[8.9938854,54.6429473],[8.9937039,54.6414746],[8.9937884,54.6404472],[9.0101789,54.6417423],[9.0248064,54.6433216],[9.026065,54.6427829],[9.0280173,54.6442619],[9.0283358,54.64425],[9.0283107,54.6446207],[9.029372,54.6490717],[9.0309341,54.6521625],[9.0307069,54.6524659],[9.0293207,54.6529637],[9.0288063,54.6533561],[9.0273983,54.6559025],[9.0276244,54.6561685],[9.0289736,54.6568102],[9.0301062,54.6600127],[9.0316077,54.6613584],[9.0314611,54.6617689],[9.0293452,54.6638799],[9.0313268,54.666491],[9.0313349,54.6668084],[9.0290859,54.6679627],[9.0275482,54.6691314],[9.0254218,54.670356],[9.0214677,54.674746],[9.0186799,54.6756199],[9.0162621,54.6759661],[9.0149841,54.6766451],[9.0147538,54.6768781],[9.0145006,54.6779214],[9.0146799,54.6782648],[9.0145466,54.6784986],[9.0138073,54.6788454],[9.0142627,54.6792233],[9.0137297,54.6795628],[9.0002248,54.6758314],[8.9830301,54.6745546],[8.9810449,54.6737331],[8.9797113,54.6715917],[8.9787695,54.6715149],[8.9812758,54.6692802],[8.9801828,54.6677961],[8.9777954,54.6683816],[8.9746162,54.6634634],[8.9764682,54.6611474],[8.9769281,54.6578684],[8.9739216,54.6585879],[8.9709627,54.6590895],[8.9685942,54.6592626],[8.9643964,54.6590389],[8.962145,54.6591418],[8.9597375,54.6590191],[8.9533728,54.6597897],[8.953688,54.6591507],[8.9536752,54.6588683],[8.953094,54.6588459],[8.9530334,54.6562677],[8.9526217,54.6562751],[8.9525942,54.6529288],[8.948024,54.653405],[8.9417039,54.6529376],[8.9392464,54.6531993],[8.9371632,54.6528968],[8.9353582,54.6523801],[8.9350515,54.653543],[8.9334721,54.6536315],[8.931993,54.6564787],[8.9273435,54.6553198],[8.926899,54.656074],[8.9237944,54.6557919],[8.9217919,54.6570259],[8.9207699,54.657469],[8.915155,54.6618509],[8.9145022,54.662041],[8.9136409,54.6630691],[8.9132755,54.6631927],[8.9104164,54.6652326],[8.9089962,54.665466],[8.8786944,54.6648686],[8.8800272,54.6638651],[8.8627992,54.6635918],[8.863077,54.6627458],[8.8580888,54.6626397],[8.860448,54.6591522],[8.8632374,54.6562518],[8.8659704,54.6544302],[8.8672305,54.6537857],[8.8691692,54.653653],[8.8735581,54.6538148],[8.8811988,54.6545939],[8.8813099,54.654205],[8.8805296,54.6542546],[8.8737522,54.6535018],[8.8686808,54.6533254],[8.8700192,54.651722],[8.8693073,54.6515039],[8.8989541,54.6323706],[8.9047071,54.628071],[8.9050894,54.6270743],[8.9057828,54.6264846],[8.9076164,54.6256928],[8.9086361,54.6254722],[8.9134319,54.6249536],[8.9198164,54.623594],[8.9213382,54.6228264],[8.9237089,54.6212373],[8.9263611,54.6189515],[8.9269607,54.618552],[8.9274066,54.6185226]]]}},{"type":"Feature","properties":{"fid":44,"assigned":true,"dialect":"frr-x-nordgoes","name":"Bredstedt","note":"municipality; high","osm":"relation/1416732","line":45,"km2":9.7},"geometry":{"type":"Polygon","coordinates":[[[8.9392653,54.6141993],[8.9397688,54.6144084],[8.9460797,54.6191683],[8.9462514,54.6196387],[8.9458378,54.6197726],[8.9469903,54.6206419],[8.9455514,54.6215124],[8.9447299,54.6224988],[8.9455092,54.6230794],[8.942853,54.6238234],[8.9420348,54.6243527],[8.9425834,54.6248092],[8.9419793,54.6252188],[8.943271,54.625264],[8.9432395,54.6256773],[8.9469356,54.6254784],[8.9520633,54.6256262],[8.9523899,54.6271189],[8.9521101,54.6271406],[8.9524117,54.6284479],[8.9531775,54.6287945],[8.9543398,54.628865],[8.9538795,54.6297078],[8.955352,54.6300534],[8.9550284,54.6305417],[8.9575601,54.6313348],[8.9590731,54.6320266],[8.9625012,54.632144],[8.9623014,54.6331249],[8.9614404,54.6342819],[8.9609332,54.6342593],[8.9624747,54.63637],[8.9634523,54.6368414],[8.9671701,54.641051],[8.9726506,54.6484107],[8.9749165,54.6483599],[8.9757053,54.6480792],[8.9762949,54.647526],[8.9770857,54.6472854],[8.9938854,54.6429473],[8.9937039,54.6414746],[8.9938116,54.6397406],[8.9935881,54.6383728],[8.9856405,54.6386882],[8.9851803,54.6374704],[8.9834294,54.6374876],[8.9854393,54.6373304],[8.9846266,54.6357245],[8.9839826,54.6359227],[8.9829107,54.6361443],[8.984616,54.6357091],[8.9849715,54.6356681],[8.9851473,54.6354517],[8.985662,54.6353024],[8.9866157,54.6352262],[8.9860769,54.6331353],[8.986224,54.6331076],[8.9859027,54.6314369],[8.9876572,54.6310964],[8.9867924,54.6290164],[8.9891531,54.6289084],[8.9891724,54.6286989],[8.9899498,54.628047],[8.9896265,54.6270382],[8.9898601,54.6252745],[8.9908891,54.6249182],[8.992158,54.6247431],[8.9918286,54.6223295],[8.9889016,54.6222409],[8.9889213,54.6215622],[8.9868488,54.621281],[8.9872928,54.6199098],[8.987424,54.6189551],[8.9842001,54.6191047],[8.9834209,54.6189906],[8.983775,54.6173565],[8.9812947,54.6171937],[8.9819042,54.6152865],[8.9830999,54.6142015],[8.9836811,54.6133403],[8.9832224,54.6127988],[8.9827837,54.6126987],[8.9824598,54.6123965],[8.9824519,54.6115803],[8.9822473,54.611242],[8.9815284,54.6114921],[8.9809885,54.6114995],[8.978161,54.6108359],[8.9778531,54.6108794],[8.9779407,54.6107656],[8.9777272,54.6107186],[8.9778666,54.6105374],[8.9771543,54.6104972],[8.9748396,54.6096961],[8.9747815,54.6098028],[8.9721893,54.6090657],[8.9727108,54.6084866],[8.9636849,54.6050115],[8.9643799,54.6035616],[8.9623919,54.6028844],[8.9573323,54.6021869],[8.9519907,54.6020261],[8.9495803,54.6052014],[8.9468458,54.6082872],[8.9445288,54.6103758],[8.9392653,54.6141993]]]}},{"type":"Feature","properties":{"fid":45,"assigned":true,"dialect":"frr-x-nordgoes","name":"Högel","note":"municipality; high","osm":"relation/1416733","line":46,"km2":16.2},"geometry":{"type":"Polygon","coordinates":[[[9.031375,54.6666375],[9.0324569,54.6658786],[9.0363567,54.6656951],[9.0380472,54.6662982],[9.0396202,54.6672838],[9.042019,54.667602],[9.0438393,54.6682751],[9.0483813,54.6687287],[9.0480127,54.6658489],[9.0520452,54.6645008],[9.0550713,54.667125],[9.0731245,54.669353],[9.0884465,54.6628125],[9.1010409,54.6564045],[9.0963723,54.636728],[9.0965903,54.6364321],[9.0902542,54.6339719],[9.0854958,54.6266939],[9.0851471,54.6264553],[9.0826729,54.6259835],[9.0807128,54.6252203],[9.0789942,54.6244821],[9.0758446,54.6225796],[9.0754658,54.6228476],[9.0751578,54.6228595],[9.0688242,54.6224503],[9.0685911,54.6263046],[9.068395,54.627061],[9.0720574,54.6276679],[9.0720255,54.6293707],[9.074534,54.6287109],[9.0762346,54.6285281],[9.0787903,54.6309479],[9.0789281,54.6317429],[9.0764864,54.6318756],[9.0524358,54.6345097],[9.0407002,54.6370998],[9.0389927,54.6378766],[9.0338765,54.6407502],[9.0323546,54.6423012],[9.0289468,54.6431249],[9.0282973,54.6443283],[9.0283107,54.6446207],[9.029372,54.6490717],[9.0309341,54.6521625],[9.0307069,54.6524659],[9.0293207,54.6529637],[9.0288063,54.6533561],[9.0273983,54.6559025],[9.0276244,54.6561685],[9.0289736,54.6568102],[9.0301062,54.6600127],[9.0316077,54.6613584],[9.0314611,54.6617689],[9.0293452,54.6638799],[9.031375,54.6666375]]]}},{"type":"Feature","properties":{"fid":46,"assigned":true,"dialect":"frr-x-nordgoes","name":"Langenhorn","note":"municipality; high","osm":"relation/1416813","line":47,"km2":47.3},"geometry":{"type":"Polygon","coordinates":[[[8.9127949,54.724574],[8.9105151,54.7202828],[8.9093196,54.7176184],[8.9069317,54.7130846],[8.9066251,54.7127506],[8.9130595,54.7131176],[8.9134601,54.7106256],[8.9173743,54.7105685],[8.9258577,54.7101086],[8.9257633,54.7084366],[8.9255109,54.707625],[8.9250824,54.7070037],[8.9236825,54.7064636],[8.9297053,54.7037322],[8.9263428,54.7017429],[8.9244225,54.7013228],[8.9253208,54.7006102],[8.9258338,54.6999826],[8.926224,54.697711],[8.957149,54.6978071],[8.977492,54.6973817],[8.9775554,54.6971655],[8.9810095,54.6970851],[8.9810403,54.6974256],[8.9840612,54.6965952],[8.9843818,54.6958107],[8.9852751,54.6953283],[8.9906987,54.6940539],[8.9904318,54.6930631],[8.9920031,54.692845],[8.9918574,54.6923733],[8.9936814,54.6922706],[8.9936712,54.6913411],[8.9941196,54.6913236],[8.9939541,54.6908822],[8.9949776,54.690796],[8.9950551,54.6906307],[8.9982402,54.6909568],[8.9991691,54.6911508],[8.9995149,54.6916332],[9.0008172,54.6874865],[9.0034649,54.6845733],[9.0018293,54.6845858],[9.0013715,54.680085],[9.0002986,54.6758461],[8.9830301,54.6745546],[8.9810449,54.6737331],[8.9797113,54.6715917],[8.9787695,54.6715149],[8.9812758,54.6692802],[8.9801828,54.6677961],[8.9777954,54.6683816],[8.9746162,54.6634634],[8.9764682,54.6611474],[8.9769281,54.6578684],[8.9739216,54.6585879],[8.9709627,54.6590895],[8.9685942,54.6592626],[8.9643964,54.6590389],[8.962145,54.6591418],[8.9597375,54.6590191],[8.9533728,54.6597897],[8.953688,54.6591507],[8.9536752,54.6588683],[8.953094,54.6588459],[8.9530334,54.6562677],[8.9526217,54.6562751],[8.9525942,54.6529288],[8.948024,54.653405],[8.9417039,54.6529376],[8.9392464,54.6531993],[8.9371632,54.6528968],[8.9353582,54.6523801],[8.9350515,54.653543],[8.9334721,54.6536315],[8.931993,54.6564787],[8.9273435,54.6553198],[8.926899,54.656074],[8.9237944,54.6557919],[8.9217919,54.6570259],[8.9207699,54.657469],[8.915155,54.6618509],[8.9145022,54.662041],[8.9136409,54.6630691],[8.9132755,54.6631927],[8.9104164,54.6652326],[8.9089962,54.665466],[8.8786944,54.6648686],[8.8800272,54.6638651],[8.8627992,54.6635918],[8.863077,54.6627458],[8.8580888,54.6626397],[8.860448,54.6591522],[8.8632374,54.6562518],[8.8659704,54.6544302],[8.8672305,54.6537857],[8.8691692,54.653653],[8.8735581,54.6538148],[8.8804844,54.6545793],[8.8811988,54.6545939],[8.8813271,54.6543083],[8.8813099,54.654205],[8.8805296,54.6542546],[8.8737522,54.6535018],[8.8686808,54.6533254],[8.8700192,54.651722],[8.8693073,54.6515039],[8.8687269,54.6519398],[8.8680275,54.6530912],[8.8658391,54.6537707],[8.8629873,54.6555756],[8.8627803,54.6561288],[8.8598156,54.6587391],[8.8581076,54.661558],[8.8580335,54.6619406],[8.8565014,54.663581],[8.854381,54.6645488],[8.8536583,54.6646979],[8.8539549,54.6649759],[8.8540543,54.6653578],[8.8535803,54.6657192],[8.8528411,54.6670246],[8.8530155,54.6672245],[8.8522017,54.669811],[8.8516891,54.6705997],[8.8513451,54.6715858],[8.8511529,54.671696],[8.8511567,54.6743979],[8.8510807,54.6750682],[8.8509524,54.6750946],[8.851018,54.6752969],[8.851942,54.6753088],[8.8532814,54.6759788],[8.8548796,54.6764671],[8.8568219,54.6773307],[8.8585446,54.6782683],[8.8593461,54.679072],[8.8596401,54.6800375],[8.8589167,54.6826865],[8.8566093,54.6854649],[8.8544761,54.6862924],[8.8503035,54.685317],[8.848039,54.6850555],[8.8456145,54.684507],[8.8455193,54.6849567],[8.8414293,54.6851747],[8.840946,54.6853149],[8.8411719,54.6855559],[8.8361401,54.6873715],[8.8350978,54.6880438],[8.8332131,54.6902763],[8.8324187,54.690795],[8.8287501,54.6920544],[8.8250841,54.69244],[8.825303,54.6925937],[8.8254384,54.6931983],[8.8252371,54.6936582],[8.8269346,54.6946136],[8.8289104,54.6945134],[8.8320964,54.6940009],[8.8340505,54.6932735],[8.8357233,54.6922103],[8.8376272,54.6899472],[8.8408427,54.6876992],[8.8418877,54.6874183],[8.8429385,54.6873471],[8.8453648,54.6878406],[8.8471887,54.6885732],[8.8479715,54.6890925],[8.8495213,54.6913245],[8.8520642,54.6944487],[8.8543558,54.6965702],[8.8551815,54.6975602],[8.8550443,54.6982167],[8.8526578,54.7011419],[8.8516902,54.7027156],[8.85052,54.7058154],[8.8505837,54.7074932],[8.8501985,54.7084034],[8.850205,54.7095481],[8.8488178,54.7106754],[8.8554183,54.7113831],[8.8661733,54.7132616],[8.8659326,54.714471],[8.8646583,54.7138997],[8.8625883,54.7165688],[8.8630785,54.7168357],[8.8644305,54.7181607],[8.8654974,54.718958],[8.8672469,54.7195327],[8.8694033,54.7192517],[8.8721261,54.7201607],[8.8746917,54.7206817],[8.8765038,54.721331],[8.8771912,54.721415],[8.8830086,54.7210155],[8.8872058,54.720129],[8.8891646,54.7194399],[8.8953137,54.7200377],[8.900048,54.7210631],[8.9075697,54.7234136],[8.9127949,54.724574]]]}},{"type":"Feature","properties":{"fid":47,"assigned":true,"dialect":"frr-x-nordgoes","name":"Lütjenholm","note":"municipality; high","osm":"relation/1415664","line":48,"km2":10.7},"geometry":{"type":"Polygon","coordinates":[[[9.0281534,54.6973703],[9.0319755,54.6959539],[9.0352563,54.6959643],[9.0402019,54.6952806],[9.0416927,54.6949271],[9.0428519,54.694301],[9.0436535,54.6942001],[9.0504799,54.6947561],[9.051259,54.6951946],[9.0528016,54.6975599],[9.0535507,54.6980638],[9.0587664,54.6993949],[9.061736,54.7006264],[9.0635492,54.7011964],[9.0636194,54.7011009],[9.0623713,54.7006803],[9.0656515,54.6997406],[9.0673873,54.6988165],[9.0664905,54.6965987],[9.0699585,54.6866733],[9.0740194,54.6739549],[9.0741608,54.6739257],[9.0736171,54.6721737],[9.0731245,54.669353],[9.0550713,54.667125],[9.0520452,54.6645008],[9.0480127,54.6658489],[9.0483813,54.6687287],[9.0438393,54.6682751],[9.042019,54.667602],[9.0396202,54.6672838],[9.0380472,54.6662982],[9.0363567,54.6656951],[9.0325343,54.6658652],[9.0317747,54.6662533],[9.0311596,54.6670009],[9.0290859,54.6679627],[9.0275482,54.6691314],[9.0254218,54.670356],[9.0214677,54.674746],[9.0186799,54.6756199],[9.0162621,54.6759661],[9.0149841,54.6766451],[9.0147538,54.6768781],[9.0145006,54.6779214],[9.0146799,54.6782648],[9.0145466,54.6784986],[9.0137919,54.6789056],[9.0142627,54.6792233],[9.0170569,54.6792636],[9.0177566,54.6796319],[9.0162699,54.6802968],[9.0132346,54.6804874],[9.0130198,54.6806909],[9.0120998,54.6809605],[9.0120684,54.6811056],[9.0125108,54.6813054],[9.012778,54.6819745],[9.0129911,54.6821198],[9.0176106,54.6827356],[9.0183042,54.6836931],[9.0183811,54.6840466],[9.017711,54.6849014],[9.0182044,54.6856452],[9.01836,54.6862481],[9.0191585,54.6866999],[9.0212139,54.6895184],[9.0211661,54.6917085],[9.0216801,54.693028],[9.0224932,54.6939361],[9.023424,54.6946055],[9.0256196,54.6956592],[9.0274749,54.696244],[9.0281476,54.6968902],[9.0281534,54.6973703]]]}},{"type":"Feature","properties":{"fid":48,"assigned":true,"dialect":"frr-x-nordgoes","name":"Ockholm","note":"municipality; high","osm":"relation/1416816","line":49,"km2":18.6},"geometry":{"type":"Polygon","coordinates":[[[8.8484025,54.6532585],[8.845053,54.6524252],[8.8353221,54.652582],[8.8344967,54.6520127],[8.8331935,54.6517622],[8.8324561,54.6518574],[8.8318288,54.6522111],[8.8305427,54.6519327],[8.8276693,54.6498777],[8.8118195,54.6551015],[8.8070268,54.6568646],[8.805537,54.6577479],[8.8036309,54.6596819],[8.8018487,54.6606716],[8.7991108,54.6613627],[8.7973141,54.6614951],[8.793461,54.6625003],[8.7921947,54.6628653],[8.7916253,54.6632499],[8.7822132,54.6656312],[8.7795897,54.6665286],[8.7776658,54.6674559],[8.7712162,54.671129],[8.770594,54.6712514],[8.7696513,54.6717954],[8.7696255,54.6720387],[8.7593709,54.6777647],[8.7538557,54.6814409],[8.7519947,54.681004],[8.7515688,54.6811149],[8.7513589,54.6814713],[8.7559983,54.6823853],[8.7695142,54.6840822],[8.8068226,54.6857117],[8.8104397,54.686118],[8.8113274,54.6862637],[8.8112322,54.6864502],[8.8125176,54.6868394],[8.8165387,54.6888649],[8.8199852,54.6911035],[8.8223143,54.6924007],[8.823194,54.6926293],[8.8232468,54.69298],[8.824956,54.6923515],[8.8252213,54.6924447],[8.8289488,54.6920098],[8.8324187,54.690795],[8.8332131,54.6902763],[8.8350978,54.6880438],[8.8361401,54.6873715],[8.8411719,54.6855559],[8.840946,54.6853149],[8.8414293,54.6851747],[8.8455193,54.6849567],[8.8456145,54.684507],[8.8547546,54.6862553],[8.8566093,54.6854649],[8.8587401,54.6829638],[8.8596246,54.6801486],[8.8595775,54.6797445],[8.8591357,54.678783],[8.8579313,54.6778954],[8.8548796,54.6764671],[8.8532814,54.6759788],[8.851942,54.6753088],[8.851018,54.6752969],[8.8511567,54.6743979],[8.8511529,54.671696],[8.8513451,54.6715858],[8.8516891,54.6705997],[8.8522017,54.669811],[8.8530155,54.6672245],[8.8528411,54.6670246],[8.8535803,54.6657192],[8.8540543,54.6653578],[8.8539549,54.6649759],[8.8536583,54.6646979],[8.854381,54.6645488],[8.8566025,54.6634823],[8.8580335,54.6619406],[8.8581076,54.661558],[8.8598156,54.6587391],[8.8627803,54.6561288],[8.8629873,54.6555756],[8.8582897,54.6556985],[8.8527452,54.6548246],[8.8484025,54.6532585]]]}},{"type":"Feature","properties":{"fid":49,"assigned":true,"dialect":"frr-x-nordgoes","name":"Reußenköge","note":"municipality; high","osm":"relation/1416815","line":50,"km2":45.8},"geometry":{"type":"Polygon","coordinates":[[[8.9313242,54.5626252],[8.8750768,54.5558381],[8.8731513,54.5553119],[8.8728533,54.5560076],[8.8706318,54.5588405],[8.8699571,54.5603181],[8.8696958,54.562295],[8.8698845,54.5635123],[8.8702715,54.5645808],[8.870905,54.5656777],[8.8767055,54.5738973],[8.8901238,54.5924851],[8.8900122,54.5927853],[8.8891567,54.5928966],[8.8892036,54.5930146],[8.8920842,54.5969766],[8.8920466,54.5972339],[8.8928269,54.5973633],[8.8871653,54.6075992],[8.88606,54.6087876],[8.8845969,54.6099045],[8.8828031,54.6108602],[8.8807416,54.6116131],[8.8665491,54.6150556],[8.8651482,54.6155312],[8.846088,54.6085347],[8.8469753,54.6077619],[8.8462855,54.6074724],[8.8457466,54.6074835],[8.8452038,54.6078217],[8.8453415,54.6081031],[8.8461402,54.6083028],[8.8460531,54.6085218],[8.8251288,54.6008488],[8.8232391,54.5988863],[8.8230363,54.5982605],[8.8206346,54.5952676],[8.8202388,54.5950336],[8.8197286,54.594872],[8.8185043,54.5948902],[8.8145178,54.5963532],[8.8134842,54.5970527],[8.8085536,54.603489],[8.8084813,54.6037259],[8.8086618,54.6039261],[8.8153719,54.6019713],[8.8175026,54.6018239],[8.8192605,54.6029292],[8.8217445,54.6041502],[8.823449,54.6044412],[8.8270358,54.6044036],[8.8294291,54.6042045],[8.8325744,54.6044476],[8.8330295,54.6040799],[8.8648106,54.6156783],[8.8484285,54.624252],[8.8468432,54.6253027],[8.8461324,54.6260781],[8.8325792,54.6459594],[8.8321669,54.6469165],[8.8272231,54.6495574],[8.8305427,54.6519327],[8.8318288,54.6522111],[8.8324561,54.6518574],[8.8331935,54.6517622],[8.8344967,54.6520127],[8.8353221,54.652582],[8.845053,54.6524252],[8.8484025,54.6532585],[8.8524199,54.6547682],[8.8582897,54.6556985],[8.8629873,54.6555756],[8.8658391,54.6537707],[8.8680275,54.6530912],[8.8688499,54.6518079],[8.8949542,54.6349144],[8.8964863,54.6340621],[8.9047071,54.628071],[8.9051717,54.6269639],[8.9060479,54.6263339],[8.9076164,54.6256928],[8.9086361,54.6254722],[8.9141132,54.6248371],[8.9202501,54.6234225],[8.9237089,54.6212373],[8.9254995,54.6195763],[8.9269607,54.618552],[8.9274592,54.6185029],[8.9290707,54.6175911],[8.9344552,54.6161865],[8.9382328,54.6147989],[8.9395938,54.6139777],[8.9445288,54.6103758],[8.9469229,54.6082077],[8.9495803,54.6052014],[8.9519907,54.6020261],[8.9527405,54.6015565],[8.9552693,54.6005093],[8.9561799,54.5994481],[8.9587202,54.5971301],[8.9594264,54.5952946],[8.9611823,54.5927802],[8.9620048,54.5907232],[8.9615678,54.5873483],[8.961075,54.5854503],[8.9611921,54.5841757],[8.9616145,54.5825268],[8.9623015,54.5817661],[8.9642813,54.5809313],[8.9660125,54.579743],[8.9679418,54.5780054],[8.9686282,54.5772298],[8.9693129,54.5760919],[8.9697208,54.5750919],[8.9698752,54.5740681],[8.9695108,54.5737567],[8.9678727,54.573063],[8.9647533,54.5711106],[8.9605349,54.5676001],[8.9583744,54.5673654],[8.9567623,54.5663919],[8.9563245,54.5659872],[8.9561606,54.5655227],[8.9563156,54.5650953],[8.9568193,54.564765],[8.9559849,54.5641122],[8.9517169,54.5650266],[8.9408928,54.5660077],[8.9399713,54.5658849],[8.9392493,54.5656006],[8.9380687,54.5648315],[8.9365437,54.5634696],[8.9353711,54.5614452],[8.9313242,54.5626252]]]}},{"type":"Feature","properties":{"fid":50,"assigned":true,"dialect":"frr-x-midgoes","name":"Vollstedt","note":"municipality; medium: via former Kirchspielslandgemeinde Breklum, confirmed Nordergoesharde","osm":"relation/1416730","line":51,"km2":6.2},"geometry":{"type":"Polygon","coordinates":[[[9.017897,54.6281474],[9.0192695,54.6269296],[9.0231187,54.6166962],[9.023702,54.6163223],[9.0236441,54.6162312],[9.0244056,54.6159159],[9.0445867,54.6196484],[9.0599851,54.6211144],[9.0627465,54.6216018],[9.0628639,54.6203469],[9.0643095,54.6204805],[9.0642804,54.6208508],[9.0675493,54.6213262],[9.0674051,54.6223432],[9.0688493,54.6224768],[9.0685911,54.6263046],[9.068395,54.627061],[9.0720574,54.6276679],[9.0720255,54.6293707],[9.074534,54.6287109],[9.0762346,54.6285281],[9.0787903,54.6309479],[9.0789281,54.6317429],[9.0764864,54.6318756],[9.0524358,54.6345097],[9.0403611,54.6371879],[9.0336852,54.6408782],[9.0283228,54.6384799],[9.021881,54.635089],[9.0175038,54.6325208],[9.0180193,54.6307658],[9.0176374,54.6306745],[9.0185672,54.6292411],[9.0183499,54.6290599],[9.0183883,54.628826],[9.0188852,54.6283966],[9.017897,54.6281474]]]}},{"type":"Feature","properties":{"fid":51,"assigned":true,"dialect":"frr-x-midgoes","name":"Sönnebüll","note":"municipality; high","osm":"relation/1416729","line":52,"km2":4.3},"geometry":{"type":"Polygon","coordinates":[[[9.0283358,54.64425],[9.0289853,54.6430944],[9.0323546,54.6423012],[9.0336852,54.6408782],[9.0283228,54.6384799],[9.021881,54.635089],[9.0175038,54.6325208],[9.0180193,54.6307658],[9.0176374,54.6306745],[9.0185672,54.6292411],[9.0183499,54.6290599],[9.0183883,54.628826],[9.0188852,54.6283966],[9.0025845,54.6245503],[9.0006843,54.6222483],[9.0000557,54.6222389],[8.9984511,54.6214121],[8.9956914,54.6213572],[8.9956212,54.6201003],[8.9923468,54.6200816],[8.992226,54.6223325],[8.9918286,54.6223295],[8.992158,54.6247431],[8.9908891,54.6249182],[8.9898601,54.6252745],[8.9896265,54.6270382],[8.9899498,54.628047],[8.9891724,54.6286989],[8.9891531,54.6289084],[8.9867924,54.6290164],[8.9876572,54.6310964],[8.9859027,54.6314369],[8.986224,54.6331076],[8.9860769,54.6331353],[8.9866157,54.6352262],[8.985662,54.6353024],[8.9851473,54.6354517],[8.9849715,54.6356681],[8.984616,54.6357091],[8.9829067,54.636132],[8.9846266,54.6357245],[8.9854393,54.6373304],[8.9834294,54.6374876],[8.9851803,54.6374704],[8.9856405,54.6386882],[8.9935881,54.6383728],[8.9937884,54.6404472],[9.0101789,54.6417423],[9.0248064,54.6433216],[9.026065,54.6427829],[9.0280173,54.6442619],[9.0283358,54.64425]]]}},{"type":"Feature","properties":{"fid":52,"assigned":true,"dialect":"frr-x-midgoes","name":"Breklum","note":"municipality; high","osm":"relation/1571761","line":53,"km2":10.0},"geometry":{"type":"Polygon","coordinates":[[[8.9519907,54.6020261],[8.9527405,54.6015565],[8.9552693,54.6005093],[8.9561799,54.5994481],[8.9587202,54.5971301],[8.9594264,54.5952946],[8.9611823,54.5927802],[8.9620048,54.5907232],[8.9615678,54.5873483],[8.9625122,54.5872873],[8.962573,54.587476],[8.9653192,54.5880033],[8.9654123,54.5878121],[8.9815094,54.5910879],[8.9808825,54.5916072],[8.9836419,54.5921696],[8.9822761,54.593449],[8.981217,54.5951439],[8.9982433,54.5962369],[9.0051313,54.5981188],[9.0056005,54.5976464],[9.0131738,54.5999866],[9.0121986,54.6013367],[9.0161062,54.6022229],[9.0161568,54.6042144],[9.016472,54.6061031],[9.0175357,54.6060193],[9.0186635,54.6076991],[9.0189968,54.6085759],[9.0198715,54.6085602],[9.0199167,54.6103385],[9.0205276,54.6117638],[9.023702,54.6163223],[9.0231187,54.6166962],[9.0192695,54.6269296],[9.017897,54.6281474],[9.0025845,54.6245503],[9.0006843,54.6222483],[9.0000557,54.6222389],[8.9984511,54.6214121],[8.9956914,54.6213572],[8.9956212,54.6201003],[8.9923468,54.6200816],[8.992226,54.6223325],[8.9889016,54.6222409],[8.9889213,54.6215622],[8.9868488,54.621281],[8.9872928,54.6199098],[8.987424,54.6189551],[8.9842001,54.6191047],[8.9834209,54.6189906],[8.983775,54.6173565],[8.9812947,54.6171937],[8.9819042,54.6152865],[8.9830999,54.6142015],[8.9836811,54.6133403],[8.9832224,54.6127988],[8.9827837,54.6126987],[8.9824598,54.6123965],[8.9824519,54.6115803],[8.9822473,54.611242],[8.9815284,54.6114921],[8.9809885,54.6114995],[8.978161,54.6108359],[8.9778531,54.6108794],[8.9779407,54.6107656],[8.9777272,54.6107186],[8.9778666,54.6105374],[8.9771543,54.6104972],[8.9748396,54.6096961],[8.9747815,54.6098028],[8.9721893,54.6090657],[8.9727108,54.6084866],[8.9636849,54.6050115],[8.9643799,54.6035616],[8.9623919,54.6028844],[8.9573323,54.6021869],[8.9519907,54.6020261]]]}},{"type":"Feature","properties":{"fid":53,"assigned":true,"dialect":"frr-x-midgoes","name":"Struckum","note":"municipality; medium: via former Kirchspielslandgemeinde Breklum, confirmed Nordergoesharde","osm":"relation/1415599","line":54,"km2":8.9},"geometry":{"type":"Polygon","coordinates":[[[8.9615678,54.5873483],[8.9625122,54.5872873],[8.962573,54.587476],[8.9653192,54.5880033],[8.9654123,54.5878121],[8.9815094,54.5910879],[8.9808825,54.5916072],[8.9836419,54.5921696],[8.9822761,54.593449],[8.981217,54.5951439],[8.9982433,54.5962369],[9.0051313,54.5981188],[9.0056005,54.5976464],[9.0131738,54.5999866],[9.0121986,54.6013367],[9.0161062,54.6022229],[9.0164872,54.6007236],[9.018313,54.6008222],[9.0135211,54.5956392],[9.0126472,54.5948644],[9.0121023,54.5947722],[9.0116393,54.5937939],[9.0112169,54.5933124],[9.0082925,54.5907599],[9.0095449,54.5891497],[9.0110649,54.5854355],[9.0077449,54.5853881],[9.0084948,54.5827412],[9.007102,54.5810178],[9.0052187,54.5794217],[9.0036412,54.5796068],[9.000873,54.580399],[9.0007669,54.5802774],[8.9995619,54.5807895],[8.9995854,54.5787789],[8.9979237,54.5795773],[8.9974037,54.5802055],[8.9932475,54.5773987],[8.9896847,54.5722776],[8.9897228,54.5719564],[8.9933797,54.5651087],[8.994275,54.5653016],[8.9960718,54.5650956],[8.995551,54.5645351],[8.9948345,54.563104],[8.9926698,54.5617354],[8.9916503,54.5601993],[8.9905034,54.5596671],[8.9852368,54.5589664],[8.9754205,54.5598073],[8.9660703,54.5602571],[8.9650196,54.5606649],[8.9642486,54.5617792],[8.9624088,54.5629752],[8.9605445,54.5645148],[8.9609058,54.5646437],[8.9576253,54.5659313],[8.9571907,54.5656691],[8.9573477,54.5653634],[8.9571029,54.5651567],[8.956816,54.5655467],[8.9561852,54.5656233],[8.9566102,54.5662727],[8.9583744,54.5673654],[8.9605349,54.5676001],[8.9647533,54.5711106],[8.9678727,54.573063],[8.9695108,54.5737567],[8.9698752,54.5740681],[8.9697208,54.5750919],[8.9693129,54.5760919],[8.9686282,54.5772298],[8.9679418,54.5780054],[8.9662376,54.5795711],[8.9645559,54.5807755],[8.9625048,54.5816393],[8.9617304,54.5823106],[8.9613654,54.5832451],[8.9610744,54.5852885],[8.9615678,54.5873483]]]}},{"type":"Feature","properties":{"fid":54,"assigned":true,"dialect":"frr-x-midgoes","name":"Norstedt","note":"municipality; high","osm":"relation/1415326","line":55,"km2":13.5},"geometry":{"type":"Polygon","coordinates":[[[9.1021198,54.5937528],[9.1022301,54.5932738],[9.0989551,54.5858182],[9.0988143,54.5831702],[9.1037122,54.5824178],[9.1016163,54.5797076],[9.1019941,54.5781774],[9.0995823,54.5781926],[9.1003949,54.5760198],[9.1024622,54.5763146],[9.1036723,54.5713442],[9.114337,54.5719002],[9.1386091,54.5750495],[9.1407529,54.5748309],[9.1419814,54.576362],[9.1439487,54.5781959],[9.144395,54.579329],[9.1446812,54.5796701],[9.1459926,54.5799535],[9.1457732,54.5803555],[9.144084,54.5813297],[9.1440927,54.5817334],[9.1446748,54.5823418],[9.1450277,54.5837105],[9.1427714,54.5859726],[9.1426662,54.5864228],[9.1444433,54.5881204],[9.1446404,54.5900579],[9.1459169,54.5918855],[9.1477627,54.5932246],[9.1492632,54.595316],[9.1513398,54.5966404],[9.151968,54.5991514],[9.1542735,54.6003928],[9.1547382,54.6008034],[9.1539795,54.6018189],[9.1538948,54.6058552],[9.1541894,54.610323],[9.151961,54.6114473],[9.1507034,54.6128961],[9.1485377,54.6148442],[9.1437538,54.6149126],[9.1434602,54.6152808],[9.1422418,54.6149509],[9.1393982,54.6150642],[9.1379998,54.6152976],[9.1336868,54.6165071],[9.1305274,54.6178652],[9.1282508,54.6185839],[9.1269912,54.6191539],[9.1230668,54.6200568],[9.1198572,54.6204104],[9.1080139,54.6025726],[9.1029746,54.5952657],[9.1021198,54.5937528]]]}},{"type":"Feature","properties":{"fid":55,"assigned":true,"dialect":"frr-x-midgoes","name":"Almdorf","note":"municipality; medium: via former Kirchspielslandgemeinde Breklum, confirmed Nordergoesharde","osm":"relation/1567454","line":56,"km2":5.7},"geometry":{"type":"Polygon","coordinates":[[[8.9960718,54.5650956],[8.9968,54.5654884],[8.9988317,54.5659381],[9.003604,54.5664748],[9.0096611,54.5666225],[9.0172402,54.5662246],[9.0213068,54.5661921],[9.0295651,54.5719926],[9.0298034,54.5723106],[9.0297936,54.5727254],[9.0289005,54.5750583],[9.0269702,54.5786175],[9.0271162,54.5793505],[9.0285852,54.5822928],[9.028545,54.582757],[9.0280165,54.5832233],[9.0224551,54.5859256],[9.0218831,54.5866362],[9.0219671,54.5871798],[9.0233621,54.5887291],[9.0294506,54.592849],[9.0263749,54.5946163],[9.0267631,54.5947656],[9.0256434,54.5956767],[9.0280616,54.5970672],[9.0280416,54.5972142],[9.0263183,54.5981437],[9.022476,54.6005954],[9.018313,54.6008222],[9.0135211,54.5956392],[9.0126472,54.5948644],[9.0121023,54.5947722],[9.0116393,54.5937939],[9.0112169,54.5933124],[9.0082925,54.5907599],[9.0095449,54.5891497],[9.0110649,54.5854355],[9.0077449,54.5853881],[9.0084948,54.5827412],[9.007102,54.5810178],[9.0052187,54.5794217],[9.0036412,54.5796068],[9.000873,54.580399],[9.0007669,54.5802774],[8.9995619,54.5807895],[8.9995854,54.5787789],[8.9979237,54.5795773],[8.9974037,54.5802055],[8.9932475,54.5773987],[8.9896847,54.5722776],[8.9896697,54.5720603],[8.9933797,54.5651087],[8.994275,54.5653016],[8.9960718,54.5650956]]]}},{"type":"Feature","properties":{"fid":56,"assigned":true,"dialect":"frr-x-midgoes","name":"Ahrenshöft","note":"municipality; medium: historic Nordergoesharde; forms one Kirchspiel/parish cluster with Bohmstedt and Drelsdorf, the core Mittelgoesharder-Friesisch villages","osm":"relation/1406816","line":57,"km2":8.8},"geometry":{"type":"Polygon","coordinates":[[[9.114337,54.5719002],[9.100927,54.5712329],[9.078692,54.5709226],[9.06338,54.5714741],[9.0601699,54.5717876],[9.0579434,54.5716682],[9.0562612,54.5710849],[9.0517948,54.5675365],[9.0507117,54.5669972],[9.0494816,54.5666713],[9.0401014,54.5651301],[9.0388144,54.5652262],[9.0420967,54.5644973],[9.0428074,54.5641811],[9.04334,54.5636832],[9.0447095,54.5601651],[9.0446237,54.5596291],[9.0436579,54.5577721],[9.0438368,54.5563667],[9.0442259,54.5556337],[9.046853,54.5522136],[9.0477004,54.5516172],[9.0602702,54.5503269],[9.0735666,54.5516255],[9.0806547,54.5501917],[9.0813725,54.550416],[9.0846971,54.5520856],[9.0853557,54.5522532],[9.0925422,54.5521067],[9.0935826,54.5519657],[9.0954345,54.5522952],[9.1042703,54.5582129],[9.1106379,54.562937],[9.1154479,54.5662038],[9.114337,54.5719002]]]}},{"type":"Feature","properties":{"fid":57,"assigned":true,"dialect":"frr-x-midgoes","name":"Bohmstedt","note":"municipality; high","osm":"relation/1405507","line":58,"km2":13.3},"geometry":{"type":"Polygon","coordinates":[[[9.0210704,54.5661616],[9.0231449,54.5662151],[9.0271833,54.5667404],[9.0314225,54.5668448],[9.0401014,54.5651301],[9.0494816,54.5666713],[9.0507117,54.5669972],[9.0517948,54.5675365],[9.0562612,54.5710849],[9.0579434,54.5716682],[9.0601699,54.5717876],[9.06338,54.5714741],[9.078692,54.5709226],[9.1036723,54.5713442],[9.1024622,54.5763146],[9.1003949,54.5760198],[9.0995823,54.5781926],[9.1019941,54.5781774],[9.1016163,54.5797076],[9.1037122,54.5824178],[9.0988143,54.5831702],[9.0989551,54.5858182],[9.1022301,54.5932738],[9.102136,54.5937495],[9.0807589,54.5942501],[9.0686245,54.5946539],[9.066372,54.5948639],[9.0630219,54.5924708],[9.0557428,54.5923195],[9.0484223,54.5943838],[9.0431956,54.5965562],[9.0396578,54.5969986],[9.0391363,54.5968793],[9.036949,54.5958818],[9.0342381,54.5951021],[9.0305092,54.5935362],[9.0236841,54.5889857],[9.0219671,54.5871798],[9.0219279,54.5864923],[9.0224551,54.5859256],[9.0280165,54.5832233],[9.028545,54.582757],[9.0285852,54.5822928],[9.0271162,54.5793505],[9.0269702,54.5786175],[9.0289005,54.5750583],[9.0298289,54.5725174],[9.0297328,54.5721701],[9.0293774,54.5718395],[9.0215326,54.5662828],[9.0210704,54.5661616]]]}},{"type":"Feature","properties":{"fid":58,"assigned":true,"dialect":"frr-x-midgoes","name":"Drelsdorf","note":"municipality; high","osm":"relation/1415602","line":59,"km2":17.7},"geometry":{"type":"Polygon","coordinates":[[[9.0236441,54.6162312],[9.0244056,54.6159159],[9.0445867,54.6196484],[9.0599851,54.6211144],[9.0627465,54.6216018],[9.0628639,54.6203469],[9.0643095,54.6204805],[9.0642804,54.6208508],[9.0675493,54.6213262],[9.0674051,54.6223432],[9.0751578,54.6228595],[9.0754658,54.6228476],[9.0758446,54.6225796],[9.0793894,54.6246624],[9.0824715,54.6259225],[9.084606,54.6263532],[9.0896704,54.6255652],[9.0934759,54.6245305],[9.0988562,54.6248689],[9.1063027,54.6228953],[9.1097237,54.6215986],[9.1199179,54.6205181],[9.1080139,54.6025726],[9.1029746,54.5952657],[9.1021198,54.5937528],[9.0807589,54.5942501],[9.0686245,54.5946539],[9.066372,54.5948639],[9.0630219,54.5924708],[9.0557428,54.5923195],[9.0484223,54.5943838],[9.0431956,54.5965562],[9.0396578,54.5969986],[9.036949,54.5958818],[9.0329669,54.5946136],[9.0308237,54.5936982],[9.0294506,54.592849],[9.0263749,54.5946163],[9.0267631,54.5947656],[9.0256434,54.5956767],[9.0280616,54.5970672],[9.0280416,54.5972142],[9.0263183,54.5981437],[9.022476,54.6005954],[9.018191,54.6008262],[9.0164872,54.6007236],[9.0160575,54.6023352],[9.0161568,54.6042144],[9.016472,54.6061031],[9.0175357,54.6060193],[9.0186635,54.6076991],[9.0189968,54.6085759],[9.0198715,54.6085602],[9.0199167,54.6103385],[9.0205276,54.6117638],[9.0236441,54.6162312]]]}},{"type":"Feature","properties":{"fid":59,"assigned":true,"dialect":"frr-x-suedgoes","name":"Arlewatt","note":"municipality; high","osm":"relation/1405506","line":60,"km2":5.5},"geometry":{"type":"MultiPolygon","coordinates":[[[[9.0867729,54.5297187],[9.0781252,54.5328912],[9.0553161,54.5437708],[9.0539989,54.5435764],[9.0528756,54.5436568],[9.0515505,54.5443935],[9.0504405,54.5445248],[9.0495075,54.5448292],[9.0488467,54.5454082],[9.0484064,54.5460664],[9.043312,54.5482726],[9.0430341,54.5486497],[9.0482886,54.5496226],[9.0479901,54.5500496],[9.0481421,54.5506988],[9.0484072,54.5510654],[9.0477004,54.5516172],[9.0602702,54.5503269],[9.0735666,54.5516255],[9.080562,54.5501897],[9.081187,54.5503292],[9.0846971,54.5520856],[9.0853557,54.5522532],[9.0925422,54.5521067],[9.0918318,54.5488286],[9.093917,54.5489326],[9.0976315,54.548258],[9.1004447,54.5479301],[9.0947005,54.5336826],[9.0921817,54.5269261],[9.0867729,54.5297187]]],[[[9.0447015,54.5599199],[9.0367569,54.5604583],[9.0355064,54.5632287],[9.0359463,54.5638921],[9.0357939,54.5641397],[9.0358668,54.5642347],[9.0362801,54.5640678],[9.0376138,54.5650967],[9.0386233,54.564904],[9.0388144,54.5652262],[9.042637,54.5642833],[9.0434094,54.5635584],[9.0446787,54.5603267],[9.0447015,54.5599199]]]]}},{"type":"Feature","properties":{"fid":60,"assigned":true,"dialect":"frr-x-suedgoes","name":"Hattstedt","note":"municipality; high","osm":"relation/1405430","line":61,"km2":7.0},"geometry":{"type":"Polygon","coordinates":[[[9.00758,54.5209932],[9.0100405,54.5201191],[9.0107386,54.5168544],[9.011808,54.5151516],[9.017326,54.5129973],[9.0177802,54.5126908],[9.0190168,54.513073],[9.0253633,54.5108934],[9.0307001,54.50963],[9.0313906,54.5068356],[9.0315457,54.5067891],[9.0308617,54.5095913],[9.0370383,54.5081181],[9.0365644,54.506728],[9.036215,54.505376],[9.0362386,54.5053688],[9.0370555,54.5081141],[9.040104,54.5073924],[9.0405208,54.50683],[9.0406998,54.5069283],[9.0404114,54.5073187],[9.0475933,54.5056119],[9.04884,54.5111887],[9.0477539,54.5153366],[9.0483591,54.5163439],[9.0484615,54.5216616],[9.0495615,54.5216235],[9.049422,54.5328515],[9.0465359,54.5331788],[9.0453399,54.5335537],[9.0451014,54.5333093],[9.0450751,54.5330663],[9.0452704,54.5329931],[9.0447837,54.5312387],[9.0419692,54.5313594],[9.0372894,54.5323675],[9.0355184,54.5325034],[9.0352731,54.5322945],[9.0327013,54.5330632],[9.032004,54.5322391],[9.0266184,54.5334313],[9.0261854,54.5337084],[9.0151923,54.5357959],[9.0114369,54.5358126],[9.0113215,54.533091],[9.0109751,54.5329429],[9.0109153,54.5327616],[9.0088861,54.5330211],[9.0062153,54.533607],[9.0059234,54.5327032],[9.0057012,54.5309817],[9.0042741,54.5310684],[9.0040853,54.527801],[9.0033635,54.5278995],[9.0027394,54.5264091],[9.0024712,54.524628],[9.0021517,54.5245823],[9.0059549,54.5217583],[9.00758,54.5209932]]]}},{"type":"Feature","properties":{"fid":61,"assigned":true,"dialect":"frr-x-suedgoes","name":"Hattstedtermarsch","note":"municipality; high","osm":"relation/1415601","line":62,"km2":35.2},"geometry":{"type":"Polygon","coordinates":[[[8.9399713,54.5658849],[8.9384398,54.5651256],[8.9365437,54.5634696],[8.9353711,54.5614452],[8.9313242,54.5626252],[8.8750768,54.5558381],[8.8731513,54.5553119],[8.8739251,54.5547453],[8.87514,54.5529358],[8.8767894,54.5494813],[8.8776223,54.5459433],[8.8776504,54.5426676],[8.8847187,54.5417174],[8.8897903,54.5413231],[8.8921155,54.540904],[8.8953188,54.5421125],[8.8991324,54.5430506],[8.9025218,54.5435276],[8.9066346,54.5437102],[8.9117188,54.5433241],[8.9265746,54.5410197],[8.9287668,54.5409306],[8.9313999,54.5412841],[8.9590287,54.5180863],[8.9826995,54.5254301],[8.983563,54.5244107],[8.983547,54.5242312],[8.9869841,54.5239298],[8.9910096,54.5229681],[8.9907992,54.5235193],[8.9911325,54.5237191],[8.9902749,54.5254097],[8.9899596,54.5308154],[8.9902943,54.5311506],[8.9897162,54.5313381],[8.9898258,54.5317077],[8.9922391,54.5313941],[8.992056,54.5324347],[8.9887772,54.5328167],[8.989248,54.5337369],[8.9903415,54.5333713],[8.9911266,54.5347999],[8.9926823,54.5343882],[8.9958232,54.5345723],[8.9959237,54.5341177],[8.9953913,54.5340743],[8.9957598,54.5326177],[8.9989798,54.5328095],[8.999076,54.5337677],[9.0022378,54.5332441],[9.0053567,54.5329313],[9.0056255,54.5329565],[9.0059152,54.5336586],[9.0088861,54.5330211],[9.0109153,54.5327616],[9.0109751,54.5329429],[9.0113215,54.533091],[9.0114369,54.5358126],[9.0149893,54.5358105],[9.0261854,54.5337084],[9.0266184,54.5334313],[9.032004,54.5322391],[9.0327013,54.5330632],[9.0352731,54.5322945],[9.0355184,54.5325034],[9.0372894,54.5323675],[9.0414283,54.5314371],[9.0447837,54.5312387],[9.0452704,54.5329931],[9.0450751,54.5330663],[9.0451014,54.5333093],[9.0453399,54.5335537],[9.0465359,54.5331788],[9.0494375,54.5328513],[9.0494369,54.5352822],[9.0503295,54.5349942],[9.0541879,54.5330646],[9.0547089,54.5331103],[9.054461,54.5341713],[9.0598725,54.5347342],[9.0575715,54.5402383],[9.0561852,54.5423087],[9.0589855,54.5411083],[9.0581715,54.5424248],[9.0552414,54.5437972],[9.0539989,54.5435764],[9.0528756,54.5436568],[9.0515505,54.5443935],[9.0504405,54.5445248],[9.0495075,54.5448292],[9.0488467,54.5454082],[9.0484064,54.5460664],[9.0408756,54.5493653],[9.04092,54.549737],[9.0417686,54.5507439],[9.0430341,54.5486497],[9.0431646,54.5486785],[9.0387633,54.5562553],[9.0354872,54.5633526],[9.0359463,54.5638921],[9.0357939,54.5641397],[9.0358668,54.5642347],[9.0362801,54.5640678],[9.0376138,54.5650967],[9.0386233,54.564904],[9.0388546,54.5652938],[9.031091,54.5668612],[9.0271833,54.5667404],[9.0214762,54.5661112],[9.0096611,54.5666225],[9.003604,54.5664748],[8.999937,54.5661215],[8.9969914,54.5655435],[8.9960718,54.5650956],[8.995551,54.5645351],[8.9948345,54.563104],[8.9926698,54.5617354],[8.991916,54.5604748],[8.9912739,54.5599518],[8.9902186,54.5596067],[8.9852368,54.5589664],[8.9754205,54.5598073],[8.9657525,54.5603341],[8.9650196,54.5606649],[8.9642486,54.5617792],[8.9624088,54.5629752],[8.9605445,54.5645148],[8.9609058,54.5646437],[8.9576253,54.5659313],[8.9571907,54.5656691],[8.9573477,54.5653634],[8.9571029,54.5651567],[8.956816,54.5655467],[8.9561852,54.5656233],[8.9562752,54.5651493],[8.9568193,54.564765],[8.9559849,54.5641122],[8.9534292,54.5647619],[8.9513234,54.5650748],[8.9415337,54.5660251],[8.9399713,54.5658849]]]}},{"type":"Feature","properties":{"fid":62,"assigned":true,"dialect":"frr-x-suedgoes","name":"Horstedt","note":"municipality; high","osm":"relation/1405508","line":63,"km2":11.7},"geometry":{"type":"Polygon","coordinates":[[[9.1049483,54.5161466],[9.1016745,54.5040965],[9.0471823,54.5003086],[9.0457786,54.5010602],[9.0459237,54.5013904],[9.0465497,54.501802],[9.047035,54.5028816],[9.04884,54.5111887],[9.0477539,54.5153366],[9.0483591,54.5163439],[9.0484615,54.5216616],[9.0495615,54.5216235],[9.0494369,54.5352822],[9.0503295,54.5349942],[9.0541879,54.5330646],[9.0547089,54.5331103],[9.054461,54.5341713],[9.0598725,54.5347342],[9.0575715,54.5402383],[9.0561852,54.5423087],[9.0589855,54.5411083],[9.0582049,54.5423681],[9.0781252,54.5328912],[9.0867729,54.5297187],[9.0921817,54.5269261],[9.1049483,54.5161466]]]}},{"type":"Feature","properties":{"fid":63,"assigned":true,"dialect":"frr-x-suedgoes","name":"Wobbenbüll","note":"municipality; high","osm":"relation/1405431","line":64,"km2":1.7},"geometry":{"type":"MultiPolygon","coordinates":[[[[9.0362386,54.5053688],[9.0370555,54.5081141],[9.040104,54.5073924],[9.0405208,54.50683],[9.0372581,54.5050674],[9.0362386,54.5053688]]],[[[9.0404114,54.5073187],[9.0411186,54.507155],[9.0406998,54.5069283],[9.0404114,54.5073187]]],[[[9.0370383,54.5081181],[9.036215,54.505376],[9.0315457,54.5067891],[9.0308617,54.5095913],[9.0370383,54.5081181]]],[[[9.0259702,54.5107506],[9.0307001,54.50963],[9.0313906,54.5068356],[9.0243209,54.5089752],[9.0237737,54.5097784],[9.0219548,54.5105298],[9.0210765,54.5103958],[9.0177802,54.5126908],[9.0190168,54.513073],[9.0259702,54.5107506]]],[[[9.0059234,54.5327032],[9.0057012,54.5309817],[9.0042741,54.5310684],[9.0040853,54.527801],[9.0033635,54.5278995],[9.0027394,54.5264091],[9.0024712,54.524628],[9.0021517,54.5245823],[9.0059549,54.5217583],[9.00758,54.5209932],[9.0001949,54.5193552],[8.9998764,54.5197111],[8.9915868,54.5208827],[8.9913398,54.5221031],[8.9907992,54.5235193],[8.9911325,54.5237191],[8.9902749,54.5254097],[8.9899596,54.5308154],[8.9902943,54.5311506],[8.9897162,54.5313381],[8.9898258,54.5317077],[8.9922391,54.5313941],[8.992056,54.5324347],[8.9887772,54.5328167],[8.9892029,54.5337085],[8.9903415,54.5333713],[8.9911266,54.5347999],[8.9926823,54.5343882],[8.9958232,54.5345723],[8.9959237,54.5341177],[8.9953913,54.5340743],[8.9957598,54.5326177],[8.9989798,54.5328095],[8.999076,54.5337677],[9.0022378,54.5332441],[9.0053567,54.5329313],[9.0056255,54.5329565],[9.0059152,54.5336586],[9.0062153,54.533607],[9.0059234,54.5327032]]]]}},{"type":"Feature","properties":{"fid":64,"assigned":true,"dialect":"frr-x-suedgoes","name":"Husum","note":"municipality; high","osm":"relation/1405432","line":65,"km2":25.7},"geometry":{"type":"MultiPolygon","coordinates":[[[[9.00758,54.5209932],[9.0100405,54.5201191],[9.0107386,54.5168544],[9.011808,54.5151516],[9.017326,54.5129973],[9.0210765,54.5103958],[9.0219548,54.5105298],[9.0237737,54.5097784],[9.0244039,54.5089406],[9.0372581,54.5050674],[9.0411186,54.507155],[9.0475933,54.5056119],[9.047035,54.5028816],[9.0465497,54.501802],[9.0459237,54.5013904],[9.0457786,54.5010602],[9.0470306,54.5003125],[9.1016745,54.5040965],[9.0982825,54.4912428],[9.0971643,54.4911869],[9.0969703,54.4904066],[9.096426,54.4893328],[9.0965955,54.4885399],[9.0965328,54.487959],[9.0963357,54.4879727],[9.0960326,54.4873266],[9.0952967,54.487259],[9.094089,54.4865782],[9.0945572,54.4863746],[9.0946109,54.4861991],[9.0925335,54.4834846],[9.0929062,54.4833684],[9.0933603,54.4822159],[9.0934375,54.4813551],[9.0935917,54.4813837],[9.0930477,54.4808104],[9.0921157,54.4808579],[9.0921016,54.4807395],[9.0917982,54.4807032],[9.0913597,54.4791562],[9.0908669,54.4785037],[9.0916542,54.4783791],[9.0915841,54.477944],[9.0979756,54.4754741],[9.0989985,54.4755307],[9.0973544,54.4729706],[9.0954757,54.4731147],[9.0922438,54.4677529],[9.0921183,54.4678244],[9.0918244,54.4673574],[9.091871,54.467164],[9.0905622,54.4679104],[9.0867515,54.4690188],[9.0864183,54.4637668],[9.0860991,54.4636971],[9.0846595,54.4584553],[9.0822603,54.4593957],[9.0788694,54.4603497],[9.0760233,54.4613956],[9.0744749,54.4616916],[9.0703501,54.4629757],[9.0655424,54.4636034],[9.0618451,54.4644101],[9.0605802,54.4644198],[9.057817,54.4648818],[9.0547962,54.4661871],[9.0525247,54.4677274],[9.0522498,54.4686629],[9.0508952,54.4698448],[9.046776,54.4690177],[9.0436097,54.4710409],[9.041213,54.4706617],[9.0394159,54.4698272],[9.0384136,54.4690852],[9.0394942,54.4686487],[9.0410676,54.4683977],[9.0422274,54.4678498],[9.0435402,54.4665583],[9.0422093,54.4657249],[9.0423197,54.4649732],[9.0422083,54.4647135],[9.040109,54.4635543],[9.0398551,54.4639348],[9.0349278,54.466904],[9.0332768,54.4661267],[9.0320214,54.4651852],[9.0316919,54.4652419],[9.0309952,54.4647246],[9.029772,54.4641742],[9.0278601,54.4646387],[9.0286303,54.4674867],[9.0291951,54.4686276],[9.0284468,54.4688967],[9.0295749,54.4694979],[9.0260187,54.4699528],[9.0261041,54.4704641],[9.0259416,54.4704819],[9.026067,54.470848],[9.0256003,54.4708907],[9.0257568,54.4712809],[9.0253155,54.4713247],[9.0256091,54.471872],[9.0230417,54.4723223],[9.0173897,54.47378],[9.0176537,54.4739589],[9.0182032,54.4739141],[9.0190873,54.4747444],[9.0043059,54.4786312],[9.003737,54.4788624],[9.0033365,54.4792954],[9.0034117,54.4798819],[9.0038706,54.4804299],[9.0051174,54.4810859],[9.005644,54.4811986],[9.0090933,54.4810623],[9.009698,54.4811682],[9.0151859,54.4842943],[9.0144356,54.4849156],[9.0140904,54.4845478],[9.0125824,54.4843012],[9.0114674,54.4907424],[9.0106041,54.4929624],[9.0085619,54.496485],[9.0033948,54.5027149],[9.0027248,54.5031767],[9.0023799,54.5031116],[9.001622,54.5044021],[9.0000792,54.5059522],[8.9988934,54.508],[8.9975658,54.509674],[8.9951007,54.5120968],[8.9933164,54.5149037],[8.9929521,54.5170843],[8.9924575,54.5175807],[8.9915868,54.5208827],[8.9998764,54.5197111],[9.0001949,54.5193552],[9.00758,54.5209932]]],[[[8.9825356,54.5242136],[8.9597713,54.5172692],[8.9590287,54.5180863],[8.9826995,54.5254301],[8.983563,54.5244107],[8.983547,54.5242312],[8.9825356,54.5242136]]]]}},{"type":"Feature","properties":{"fid":65,"assigned":false,"name":"Achtrup","osm":"relation/1417214","km2":29.8},"geometry":{"type":"Polygon","coordinates":[[[9.1077311,54.7766149],[9.110734,54.7780959],[9.112843,54.7802768],[9.1149953,54.7828636],[9.1188124,54.7864253],[9.1201905,54.7882268],[9.1178686,54.7883881],[9.1115966,54.79116],[9.1123012,54.7945228],[9.1120402,54.7952459],[9.1111559,54.7955177],[9.1114906,54.7959679],[9.1114127,54.7964944],[9.1038607,54.8060693],[9.0991163,54.8150396],[9.09704,54.8157825],[9.092063,54.8140922],[9.0768787,54.8170221],[9.0681034,54.8121931],[9.0507558,54.8121908],[9.048253,54.8124113],[9.044889,54.812352],[9.0414662,54.813102],[9.0396817,54.8141231],[9.0313841,54.8152009],[9.0314346,54.8138138],[9.0304219,54.8136704],[9.0250763,54.8145522],[9.0248988,54.8128986],[9.0234985,54.8130135],[9.0235839,54.8120876],[9.0212956,54.8117945],[9.00597,54.8073107],[9.0014111,54.8055092],[9.0008406,54.8050122],[9.0010067,54.8044543],[8.9986947,54.8031501],[8.9971905,54.80196],[8.9959247,54.8011938],[8.9947041,54.8001017],[8.9930414,54.7991417],[8.9908374,54.7983248],[8.9896576,54.7975058],[8.9881012,54.7959151],[8.9868897,54.7968798],[8.9832302,54.7944354],[8.9809353,54.7932491],[8.9807156,54.79283],[8.9790719,54.7918911],[8.977954,54.7909323],[8.9776597,54.786565],[8.9902413,54.7799548],[9.0047262,54.7829916],[9.0109558,54.7746512],[9.0267539,54.7771846],[9.0341717,54.7774241],[9.0358484,54.7772807],[9.0388231,54.7766363],[9.0389795,54.7777046],[9.0451417,54.7772567],[9.045217,54.7767715],[9.0537517,54.7753551],[9.0551917,54.7738156],[9.0631371,54.7738952],[9.0682527,54.7748131],[9.0712901,54.774417],[9.0734844,54.774483],[9.0741424,54.7748285],[9.0745138,54.7764946],[9.0744757,54.7768548],[9.0739736,54.7776963],[9.0739466,54.778146],[9.0752013,54.7791999],[9.0798338,54.7812335],[9.0805171,54.7816694],[9.0885294,54.7830888],[9.0913979,54.7841],[9.0995106,54.7799668],[9.1077311,54.7766149]]]}},{"type":"Feature","properties":{"fid":66,"assigned":false,"name":"Ahrenviöl","osm":"relation/1406979","km2":10.1},"geometry":{"type":"Polygon","coordinates":[[[9.2095861,54.5479467],[9.2122357,54.5464623],[9.213509,54.5454748],[9.2166995,54.5443694],[9.2228073,54.5439845],[9.225691,54.5446025],[9.2298299,54.543911],[9.2302568,54.5437143],[9.2330152,54.5413196],[9.2341023,54.5409456],[9.243462,54.5408959],[9.2444091,54.5411572],[9.2473064,54.5424537],[9.2480738,54.5403475],[9.2484739,54.5385743],[9.2488842,54.5367013],[9.2491048,54.5344634],[9.252388,54.5257667],[9.2504072,54.5258327],[9.250155,54.5236986],[9.2431311,54.523553],[9.2318088,54.5230149],[9.2204696,54.5223301],[9.2073339,54.5212388],[9.2039506,54.5165176],[9.1797447,54.5184287],[9.1758578,54.5244983],[9.1806406,54.5285946],[9.1904255,54.5334778],[9.1940353,54.5349254],[9.196371,54.535512],[9.1989451,54.5366714],[9.1985578,54.5369549],[9.1981539,54.5378417],[9.1985006,54.5380622],[9.1984505,54.5383612],[9.1989187,54.5387139],[9.198055,54.5394839],[9.197831,54.5399099],[9.1979369,54.5403804],[9.1984723,54.541031],[9.1990792,54.5407963],[9.199386,54.5411361],[9.2007678,54.5407364],[9.2016372,54.5418471],[9.2027195,54.5418825],[9.2029391,54.5426258],[9.2034777,54.5433795],[9.203861,54.5438276],[9.2041809,54.5438432],[9.2040618,54.5444111],[9.2030096,54.5444309],[9.2027944,54.5461811],[9.2048693,54.5448313],[9.2095861,54.5479467]]]}},{"type":"Feature","properties":{"fid":67,"assigned":false,"name":"Ahrenviölfeld","osm":"relation/1406977","km2":7.3},"geometry":{"type":"Polygon","coordinates":[[[9.250155,54.5236986],[9.2544469,54.5236695],[9.2845855,54.5203252],[9.2903999,54.5194221],[9.2928501,54.5225081],[9.2943527,54.5234839],[9.2987733,54.5257384],[9.2995396,54.5265904],[9.3011285,54.5293542],[9.3041383,54.5307256],[9.3010056,54.5324555],[9.2978694,54.5328732],[9.2946455,54.5335904],[9.2938309,54.53452],[9.2928139,54.5364533],[9.2923339,54.5369672],[9.2913673,54.5374449],[9.2899376,54.5386347],[9.2862072,54.5405046],[9.2733132,54.5442169],[9.266719,54.5457962],[9.2561544,54.5469693],[9.2555241,54.5462474],[9.2547631,54.5457742],[9.2473064,54.5424537],[9.2480738,54.5403475],[9.2484739,54.5385743],[9.2488842,54.5367013],[9.2491048,54.5344634],[9.252388,54.5257667],[9.2504072,54.5258327],[9.250155,54.5236986]]]}},{"type":"Feature","properties":{"fid":68,"assigned":false,"name":"Aventoft","osm":"relation/1418654","km2":14.4},"geometry":{"type":"Polygon","coordinates":[[[8.7351641,54.8930526],[8.7382142,54.8932409],[8.7491772,54.8955883],[8.7497403,54.8956949],[8.7499708,54.895572],[8.750317,54.8967016],[8.7549787,54.8968714],[8.7596434,54.8945122],[8.7770446,54.8926579],[8.7764826,54.895482],[8.7771858,54.8954893],[8.7780903,54.8957311],[8.7813334,54.8972079],[8.7813081,54.8977663],[8.7869607,54.898516],[8.7904713,54.8997414],[8.7932306,54.9014709],[8.7960089,54.9022104],[8.799141,54.9025539],[8.7990638,54.9046673],[8.799463,54.9045796],[8.8114026,54.9059265],[8.8119371,54.9045811],[8.8122584,54.904752],[8.8144315,54.9040414],[8.8188625,54.9039389],[8.8217315,54.9054048],[8.8231478,54.9057433],[8.8242161,54.9068735],[8.8295682,54.906352],[8.8292863,54.9058017],[8.8296978,54.9056369],[8.8315639,54.9062148],[8.8326815,54.9060536],[8.8329102,54.9065977],[8.8331644,54.9065375],[8.8333433,54.9066906],[8.8347923,54.9060809],[8.837045,54.9054914],[8.837829,54.9049548],[8.8418492,54.9013158],[8.8426135,54.9010055],[8.8449543,54.8992563],[8.8483745,54.8976673],[8.8484998,54.8974533],[8.8480295,54.8972252],[8.8487015,54.8965587],[8.8477586,54.8940476],[8.8486026,54.8883012],[8.8482372,54.8867406],[8.8466209,54.8869312],[8.8416239,54.8880524],[8.8386413,54.8894816],[8.8377095,54.8902619],[8.8368553,54.8907109],[8.8346371,54.8912343],[8.8299292,54.8856612],[8.8340954,54.8834524],[8.8377499,54.8805257],[8.8380374,54.8804352],[8.840472,54.8775795],[8.8378335,54.8771871],[8.8360635,54.8771675],[8.8283548,54.8774341],[8.8234797,54.8780025],[8.8232301,54.8778902],[8.8160873,54.8690198],[8.8047377,54.8703967],[8.805898,54.8767738],[8.8071394,54.8768114],[8.8061637,54.8792612],[8.8046461,54.8805112],[8.8046124,54.8810861],[8.7987976,54.8816982],[8.7944627,54.882407],[8.7944478,54.8822731],[8.7939636,54.8822058],[8.7935768,54.881668],[8.7935067,54.8810222],[8.7913644,54.8813624],[8.7888511,54.8825915],[8.7870049,54.8831651],[8.7843641,54.8834282],[8.7809779,54.8829358],[8.7799346,54.8840624],[8.7789487,54.8825537],[8.7787922,54.8825447],[8.7789262,54.8840123],[8.7783433,54.8849203],[8.7768138,54.8862111],[8.771905,54.8868497],[8.7685262,54.8877632],[8.7679492,54.8875645],[8.767652,54.8872172],[8.7682685,54.8855657],[8.7682962,54.8843645],[8.7689254,54.8841456],[8.7683645,54.882715],[8.7677856,54.8818042],[8.7655372,54.8808813],[8.7640697,54.8809636],[8.7619282,54.8804335],[8.7606158,54.8808745],[8.7595772,54.8815444],[8.7596253,54.8818661],[8.7588974,54.8826559],[8.7581133,54.884135],[8.7587348,54.8846341],[8.7584531,54.8849144],[8.7538221,54.88325],[8.7512597,54.8821392],[8.7495442,54.8844194],[8.7483099,54.8839046],[8.7467682,54.8835806],[8.7461613,54.8856083],[8.7439981,54.8853128],[8.7391289,54.8882828],[8.7364548,54.8902369],[8.7353633,54.8917859],[8.7351791,54.8923618],[8.7352957,54.8929194],[8.7351641,54.8930526]]]}},{"type":"Feature","properties":{"fid":69,"assigned":false,"name":"Behrendorf","osm":"relation/1406980","km2":15.2},"geometry":{"type":"Polygon","coordinates":[[[9.2555241,54.5462474],[9.2573623,54.5484255],[9.2576028,54.5490709],[9.2573271,54.5558181],[9.2564919,54.5581735],[9.2579479,54.5601199],[9.2591387,54.5645542],[9.2585639,54.5673223],[9.25861,54.5677641],[9.2625784,54.5746683],[9.2502522,54.5785665],[9.2501494,54.5787674],[9.2496946,54.5786625],[9.2418202,54.5795534],[9.2143292,54.5836551],[9.2068814,54.5867186],[9.2065845,54.5846561],[9.1929616,54.5600577],[9.1926877,54.558236],[9.1948334,54.5579928],[9.1997354,54.5581267],[9.2080622,54.5548768],[9.2090234,54.553949],[9.2090978,54.5530964],[9.2088973,54.5524362],[9.2079021,54.5508981],[9.2078899,54.5504037],[9.209218,54.5482668],[9.2097781,54.5478131],[9.2122357,54.5464623],[9.213509,54.5454748],[9.2166995,54.5443694],[9.2228073,54.5439845],[9.2255133,54.5445894],[9.2260262,54.5445776],[9.2301275,54.5438098],[9.2327751,54.5414943],[9.2336887,54.5410345],[9.2344976,54.5409],[9.2429472,54.5408403],[9.2444091,54.5411572],[9.2547631,54.5457742],[9.2555241,54.5462474]]]}},{"type":"Feature","properties":{"fid":70,"assigned":false,"name":"Bondelum","osm":"relation/1406981","km2":9.2},"geometry":{"type":"Polygon","coordinates":[[[9.2625593,54.5747224],[9.2628573,54.5750375],[9.2647761,54.5745758],[9.2691724,54.5744149],[9.2772611,54.5730121],[9.285235,54.5713736],[9.2848098,54.5711258],[9.2924633,54.560483],[9.2983965,54.5604469],[9.301291,54.561772],[9.3084802,54.5596963],[9.3109044,54.5595554],[9.311526,54.5565008],[9.3111439,54.5532219],[9.3062379,54.5484436],[9.3024613,54.5450823],[9.3025518,54.5449147],[9.3019399,54.5445781],[9.2928139,54.5364533],[9.2923339,54.5369672],[9.2913673,54.5374449],[9.2899376,54.5386347],[9.2862072,54.5405046],[9.2826275,54.5415472],[9.2733132,54.5442169],[9.266719,54.5457962],[9.2561544,54.5469693],[9.2573623,54.5484255],[9.2576028,54.5490709],[9.2573271,54.5558181],[9.2564919,54.5581735],[9.2579479,54.5601199],[9.2591387,54.5645542],[9.2585639,54.5673223],[9.25861,54.5677641],[9.2602438,54.5704079],[9.2625593,54.5747224]]]}},{"type":"Feature","properties":{"fid":71,"assigned":false,"name":"Braderup","osm":"relation/1420395","km2":13.3},"geometry":{"type":"Polygon","coordinates":[[[8.8714425,54.836433],[8.8717715,54.8362917],[8.8718989,54.8358199],[8.8720832,54.8307444],[8.8722518,54.8307494],[8.8722846,54.8280721],[8.8667069,54.8272334],[8.8679032,54.8246212],[8.8704497,54.8250108],[8.8704023,54.8220242],[8.8705425,54.8198817],[8.8703923,54.8189912],[8.8706294,54.8177467],[8.8686888,54.8167194],[8.8711658,54.8159824],[8.8762379,54.8155771],[8.8763211,54.8168429],[8.8760652,54.8190794],[8.8790586,54.819995],[8.8870892,54.8209381],[8.8941043,54.8221424],[8.8953425,54.8222296],[8.8971439,54.8235391],[8.8996094,54.8231171],[8.9027295,54.8228815],[8.9037875,54.8228904],[8.9051218,54.8231331],[8.906885,54.8229719],[8.9101098,54.8232267],[8.9127674,54.8230089],[8.9129032,54.8230422],[8.9123997,54.8241285],[8.9137284,54.8241402],[8.9145993,54.8243385],[8.9203002,54.8268459],[8.9264161,54.8280122],[8.9259343,54.8303879],[8.9288429,54.8302247],[8.9295659,54.8303574],[8.9302027,54.8334662],[8.9317221,54.8434857],[8.932602,54.8447049],[8.944904,54.8454699],[8.9387774,54.852296],[8.928483,54.8528078],[8.900499,54.8571166],[8.8959839,54.8584097],[8.8973894,54.8509924],[8.8960283,54.8511432],[8.8959956,54.8510088],[8.8775466,54.851255],[8.8766614,54.8504725],[8.8717612,54.8391459],[8.8718055,54.8366051],[8.8714425,54.836433]]]}},{"type":"Feature","properties":{"fid":72,"assigned":false,"name":"Bramstedtlund","osm":"relation/1417215","km2":13.8},"geometry":{"type":"Polygon","coordinates":[[[9.0787036,54.8716744],[9.0858238,54.8706651],[9.0907145,54.8702074],[9.092419,54.8705592],[9.0956216,54.8719938],[9.0993994,54.8719475],[9.1106164,54.874031],[9.1131715,54.8736938],[9.1114687,54.8708595],[9.1116022,54.866468],[9.111348,54.8651959],[9.1116309,54.8646176],[9.1115786,54.8642793],[9.1149842,54.8626905],[9.1176358,54.8609343],[9.115128,54.8594274],[9.1144667,54.8587369],[9.109348,54.8485442],[9.1091598,54.8475358],[9.1096673,54.840029],[9.107954,54.8382524],[9.1065256,54.8374178],[9.1059393,54.8368772],[9.1051835,54.8353601],[9.1052713,54.8350241],[9.1065639,54.8334251],[9.1066893,54.8330824],[9.1067017,54.8309636],[9.1063107,54.8302148],[9.105239,54.8292026],[9.099293,54.8297985],[9.099313,54.8295995],[9.0815641,54.8196278],[9.0715011,54.825519],[9.0705787,54.8398846],[9.0594976,54.843144],[9.0595118,54.8460861],[9.0625486,54.8503811],[9.0650223,54.8575527],[9.0654208,54.8579276],[9.0702419,54.8596396],[9.0749326,54.8652871],[9.0758896,54.866197],[9.0764231,54.8662957],[9.0787036,54.8716744]]]}},{"type":"Feature","properties":{"fid":73,"assigned":false,"name":"Drage","osm":"relation/1402988","km2":16.3},"geometry":{"type":"Polygon","coordinates":[[[9.1001066,54.3660147],[9.1034101,54.3647899],[9.1055328,54.363722],[9.1060417,54.3631301],[9.1068656,54.3615593],[9.1066316,54.3588046],[9.1067286,54.3581566],[9.1070206,54.3575387],[9.1074325,54.3571338],[9.1088053,54.3562759],[9.117173,54.3530372],[9.1190547,54.3525143],[9.1209604,54.3522054],[9.1255661,54.3518511],[9.1295595,54.3512255],[9.1327017,54.3501788],[9.134211,54.3493548],[9.1356095,54.3476078],[9.1359447,54.3467647],[9.1361284,54.3456755],[9.135732,54.3439352],[9.134844,54.3424057],[9.1334744,54.341692],[9.1334206,54.3414818],[9.1333329,54.3402256],[9.1334526,54.3393636],[9.1336214,54.3389892],[9.1349732,54.3379954],[9.1357813,54.3376739],[9.1404454,54.3373748],[9.1410615,54.3371819],[9.1474894,54.3373695],[9.1503762,54.3372193],[9.1521216,54.3369265],[9.1528053,54.3365985],[9.153226,54.335318],[9.1528431,54.3348668],[9.1505994,54.3336225],[9.1466793,54.3324129],[9.1444855,54.3315683],[9.1433438,54.3307767],[9.1429069,54.3301679],[9.1429833,54.3285612],[9.1441191,54.3248427],[9.1446787,54.3223167],[9.1450411,54.3214956],[9.1457788,54.3205632],[9.1466316,54.320004],[9.1478853,54.3195479],[9.1491189,54.3193058],[9.15311,54.3188764],[9.1598856,54.3177204],[9.1655737,54.3170105],[9.1710528,54.3169155],[9.1721586,54.3171325],[9.1726365,54.3174005],[9.1728235,54.3179184],[9.1720936,54.3187273],[9.163237,54.3254905],[9.1623441,54.3263344],[9.1619561,54.3270623],[9.1620521,54.3275703],[9.1634949,54.3290731],[9.1690979,54.3326087],[9.1719775,54.3337576],[9.1758009,54.3346955],[9.1755774,54.3356521],[9.1753459,54.3359582],[9.1752172,54.3359144],[9.1742457,54.3377121],[9.1737873,54.3393243],[9.1730715,54.3405607],[9.171484,54.3440702],[9.1724654,54.3476873],[9.1726609,54.3492935],[9.17467,54.3486669],[9.1774541,54.3486106],[9.1797877,54.3483668],[9.1868442,54.3493983],[9.1849951,54.3561825],[9.1822198,54.3557002],[9.1659109,54.3582905],[9.1651537,54.3583935],[9.1647035,54.3582828],[9.1593576,54.3602575],[9.1597128,54.3606515],[9.1561591,54.3618024],[9.1544454,54.3615653],[9.1542386,54.3614607],[9.1544189,54.3613134],[9.1529562,54.3610053],[9.152311,54.3621206],[9.1525636,54.3622361],[9.1520522,54.363003],[9.1520144,54.3639966],[9.151692,54.3641749],[9.147445,54.3643357],[9.1474752,54.3647365],[9.1454123,54.3646239],[9.1422121,54.3649782],[9.14233,54.365171],[9.1417837,54.3652154],[9.1421723,54.3660924],[9.1425102,54.3663795],[9.1435449,54.3682222],[9.1447781,54.3696661],[9.1466641,54.3734865],[9.1439722,54.3736791],[9.1443097,54.3743055],[9.1438725,54.37439],[9.1315863,54.3765011],[9.1236408,54.3776536],[9.1232908,54.3770224],[9.1110197,54.3786721],[9.109801,54.3766425],[9.1103049,54.3765408],[9.1081426,54.3729037],[9.1069713,54.3732802],[9.1016686,54.3695586],[9.1035783,54.3688023],[9.1001066,54.3660147]]]}},{"type":"Feature","properties":{"fid":74,"assigned":false,"name":"Elisabeth-Sophien-Koog","osm":"relation/1405509","km2":5.2},"geometry":{"type":"Polygon","coordinates":[[[8.865575,54.5241573],[8.8602775,54.5214639],[8.8598209,54.5209201],[8.857136,54.5194803],[8.8548636,54.5177027],[8.8539359,54.5167244],[8.8725106,54.507254],[8.8779048,54.5007053],[8.8785601,54.4967439],[8.8788532,54.4966826],[8.8787839,54.4962649],[8.8791838,54.4958165],[8.8806716,54.4957184],[8.8806106,54.4954236],[8.8838894,54.4952425],[8.8847235,54.4949381],[8.8854288,54.4952101],[8.8865757,54.4950872],[8.887371,54.4946927],[8.8878005,54.4947049],[8.8888082,54.495084],[8.8902838,54.494588],[8.8913483,54.4947387],[8.8918843,54.4945686],[8.8933874,54.4947235],[8.8942552,54.4946008],[8.8961005,54.4987314],[8.8959661,54.4987537],[8.8960637,54.4989732],[8.8961978,54.4989459],[8.8971183,54.5010353],[8.8971263,54.501224],[8.8969945,54.5012435],[8.8980036,54.5036989],[8.8963515,54.512076],[8.8907106,54.5171852],[8.885299,54.5199817],[8.8854333,54.5207899],[8.8688308,54.5236386],[8.8677538,54.5230003],[8.8671824,54.5230996],[8.8673187,54.5233529],[8.8664391,54.5234956],[8.865575,54.5241573]]]}},{"type":"Feature","properties":{"fid":75,"assigned":false,"name":"Ellhöft","osm":"relation/1418483","km2":7.8},"geometry":{"type":"Polygon","coordinates":[[[8.883125,54.9020985],[8.8870365,54.9025866],[8.8887982,54.9039985],[8.890333,54.9042994],[8.8918397,54.9049474],[8.8926384,54.9048958],[8.8946263,54.9040625],[8.8968859,54.9040625],[8.9016361,54.9044744],[8.9029669,54.9043145],[8.9039458,54.9038835],[8.9105446,54.9038536],[8.911973,54.9032001],[8.913268,54.9031752],[8.9128833,54.9023267],[8.9130593,54.9020367],[8.9144911,54.9024107],[8.9155469,54.9024107],[8.9167287,54.9030866],[8.9175316,54.9026517],[8.9183865,54.9029107],[8.9191153,54.9026937],[8.9211827,54.9025412],[8.9234165,54.9034207],[8.9388077,54.9024524],[8.9480753,54.9025382],[8.9529604,54.9015864],[8.9543941,54.9016286],[8.9552942,54.9013403],[8.955625,54.9009805],[8.9563447,54.9013411],[8.9569244,54.9013037],[8.9580404,54.9008565],[8.9597876,54.9005539],[8.962622,54.8997299],[8.9631856,54.8997632],[8.9636571,54.8993061],[8.9655588,54.8982815],[8.9668053,54.8981374],[8.9730876,54.8967463],[8.968603,54.8804865],[8.9671101,54.8743707],[8.9529337,54.8816637],[8.9526934,54.8815222],[8.9402383,54.8880928],[8.9404056,54.8885969],[8.9334992,54.88814],[8.933499,54.8882496],[8.9332308,54.8882319],[8.9327982,54.8910357],[8.9330238,54.8955711],[8.932327,54.8958202],[8.9298923,54.8953527],[8.9258395,54.8942121],[8.9199359,54.8947976],[8.9131259,54.8961775],[8.9123301,54.8961175],[8.9107289,54.8963216],[8.8968947,54.895985],[8.8853104,54.8954966],[8.8838963,54.897665],[8.8837039,54.8992077],[8.8840335,54.9011731],[8.8835447,54.9014978],[8.883125,54.9020985]]]}},{"type":"Feature","properties":{"fid":76,"assigned":false,"name":"Fresendelf","osm":"relation/1403983","km2":2.6},"geometry":{"type":"Polygon","coordinates":[[[9.2250956,54.4015694],[9.2258438,54.402123],[9.2264834,54.4032286],[9.2294108,54.4030074],[9.2304821,54.4032728],[9.2323532,54.4028521],[9.2329854,54.4028935],[9.23376,54.4015771],[9.2325313,54.4009137],[9.2352351,54.3996201],[9.2397426,54.3980894],[9.239577,54.397456],[9.2397594,54.3971312],[9.2395341,54.3966503],[9.2395663,54.3962692],[9.239856,54.3959757],[9.2415512,54.395857],[9.24238,54.3956228],[9.2427635,54.3969751],[9.2444587,54.3966034],[9.244743,54.3967877],[9.2476344,54.3974716],[9.248777,54.3973935],[9.2489433,54.3976371],[9.2505312,54.3975122],[9.250381,54.3969501],[9.2638403,54.3953511],[9.2639345,54.3951728],[9.2616688,54.3945132],[9.2606688,54.392698],[9.2584468,54.3918916],[9.2578712,54.3911921],[9.2579944,54.390704],[9.2584356,54.3903733],[9.2613095,54.3895935],[9.2621241,54.3891453],[9.2623215,54.3887226],[9.2620968,54.3870503],[9.2633057,54.3856812],[9.2634251,54.3853377],[9.2633359,54.3851151],[9.2629812,54.3847709],[9.2607506,54.3840085],[9.2597232,54.3834658],[9.2590284,54.3837815],[9.2462248,54.3845361],[9.2476374,54.3871998],[9.2473431,54.3872665],[9.2452339,54.3872538],[9.2449614,54.3869808],[9.2429394,54.3866413],[9.2427977,54.3861906],[9.2422309,54.38607],[9.238841,54.3866095],[9.2377455,54.3869586],[9.2376093,54.3870411],[9.2376856,54.3875997],[9.2383672,54.3897216],[9.2362853,54.389582],[9.2362362,54.390039],[9.2365142,54.3910545],[9.2352828,54.391383],[9.2340317,54.3912671],[9.2333098,54.3943375],[9.2335389,54.3949962],[9.2316211,54.3951674],[9.230271,54.3957025],[9.2282134,54.3959412],[9.2269722,54.3959896],[9.2257629,54.3956649],[9.2285749,54.4002412],[9.2281155,54.4003099],[9.2274316,54.400137],[9.2277076,54.4005723],[9.2250956,54.4015694]]]}},{"type":"Feature","properties":{"fid":77,"assigned":false,"name":"Friedrichstadt","osm":"relation/1402987","km2":4.0},"geometry":{"type":"Polygon","coordinates":[[[9.1001066,54.3660147],[9.1035783,54.3688023],[9.1016686,54.3695586],[9.1069713,54.3732802],[9.1081426,54.3729037],[9.1103049,54.3765408],[9.109801,54.3766425],[9.1113124,54.3792195],[9.113245,54.3790515],[9.1186094,54.3823288],[9.1193631,54.3825303],[9.1188669,54.3826904],[9.1190463,54.382825],[9.1157825,54.3845891],[9.1132354,54.3834624],[9.1121075,54.3832931],[9.1111004,54.382336],[9.1099125,54.381987],[9.1080969,54.3818123],[9.1076134,54.3819169],[9.1044359,54.3818242],[9.0996674,54.3811442],[9.0990727,54.3815841],[9.0976465,54.3858193],[9.0959716,54.3854508],[9.0954796,54.3870516],[9.0927117,54.3866888],[9.0927973,54.386369],[9.0855016,54.3855071],[9.0854663,54.38562],[9.0831231,54.3854843],[9.0831458,54.3856631],[9.0807756,54.3852874],[9.0807824,54.3848237],[9.079428,54.3842457],[9.0767052,54.3839426],[9.0776324,54.3823026],[9.0780854,54.3818674],[9.0781509,54.3813585],[9.0767674,54.3814414],[9.0766556,54.3817605],[9.0762061,54.3817167],[9.0731329,54.380387],[9.0713269,54.3802813],[9.0696347,54.3806123],[9.0700434,54.3804477],[9.0723128,54.3762384],[9.0698981,54.3754358],[9.0742754,54.3736153],[9.0746767,54.3737882],[9.077705,54.3732627],[9.078796,54.3747799],[9.0807255,54.3734449],[9.0808392,54.3729837],[9.0813631,54.3728724],[9.0819661,54.3709283],[9.0799658,54.3667829],[9.0817966,54.3664449],[9.0811438,54.365418],[9.0841263,54.3643908],[9.0874986,54.3692343],[9.0883164,54.3699822],[9.0890461,54.3702503],[9.0902077,54.37032],[9.0915933,54.3698235],[9.0975458,54.3668856],[9.1001066,54.3660147]]]}},{"type":"Feature","properties":{"fid":78,"assigned":false,"name":"Garding","osm":"relation/1402696","km2":3.1},"geometry":{"type":"Polygon","coordinates":[[[8.7983411,54.3383403],[8.7994932,54.3384613],[8.7992291,54.3353886],[8.7991211,54.3353741],[8.800272,54.3335604],[8.8000787,54.3335228],[8.8009312,54.3320402],[8.8017731,54.3300524],[8.7962171,54.3289386],[8.7887426,54.3277193],[8.7902236,54.3254972],[8.7883476,54.3250918],[8.7882142,54.3253025],[8.787254,54.3250867],[8.787514,54.3246605],[8.7865751,54.3244395],[8.7858781,54.3243766],[8.7857712,54.3245538],[8.7848029,54.3243539],[8.7850836,54.3238835],[8.7833073,54.3237618],[8.7831717,54.3240348],[8.7817871,54.3237996],[8.7816686,54.3240442],[8.7785858,54.323187],[8.7783812,54.3238218],[8.7771606,54.3241493],[8.7771269,54.3243993],[8.776669,54.3244283],[8.7768681,54.3258547],[8.7741954,54.3256911],[8.764356,54.3256652],[8.7643507,54.3258084],[8.7612737,54.3257881],[8.7609374,54.3264316],[8.7629996,54.3268516],[8.7634668,54.3270959],[8.7632338,54.328209],[8.7637523,54.3281803],[8.7635229,54.3286912],[8.7626798,54.3286582],[8.7625202,54.3289364],[8.7618438,54.3292171],[8.7618339,54.3298486],[8.7621005,54.3300456],[8.7612073,54.3316533],[8.7607663,54.3315941],[8.7607129,54.3317919],[8.7606255,54.3325458],[8.7608579,54.3342565],[8.7630944,54.3343899],[8.7632466,54.3346333],[8.7646843,54.3343767],[8.7651587,54.334562],[8.7658877,54.3353065],[8.7662716,54.3354386],[8.766173,54.3355048],[8.7689122,54.3361731],[8.7686982,54.3368598],[8.7700966,54.3369393],[8.7704354,54.3372079],[8.7712395,54.3371545],[8.7736248,54.3377115],[8.7737589,54.3375178],[8.7746758,54.3375389],[8.7748634,54.3373599],[8.7753362,54.3375378],[8.7762126,54.3375627],[8.7773352,54.3371291],[8.7794827,54.3369995],[8.7795594,54.336679],[8.783728,54.33708],[8.7841799,54.3373842],[8.7856271,54.3372973],[8.7856513,54.3376365],[8.7872048,54.3375747],[8.787493,54.3378886],[8.7882542,54.337941],[8.7885896,54.3382168],[8.7896469,54.3382957],[8.7906668,54.3381064],[8.791167,54.337948],[8.7912564,54.3375873],[8.7939806,54.3376245],[8.7940256,54.3374925],[8.79562,54.3377765],[8.7974266,54.3377605],[8.7982827,54.3379614],[8.7983411,54.3383403]]]}},{"type":"Feature","properties":{"fid":79,"assigned":false,"name":"Goldebek","osm":"relation/1415665","km2":10.2},"geometry":{"type":"Polygon","coordinates":[[[9.121723,54.6647541],[9.1474064,54.6688658],[9.1634712,54.6666159],[9.1775469,54.6699969],[9.1750359,54.6781049],[9.1720372,54.6827394],[9.1672977,54.6866335],[9.1662113,54.6914831],[9.1663246,54.6920727],[9.1672271,54.6927978],[9.1687772,54.6919709],[9.1719439,54.6991951],[9.1699338,54.6994608],[9.1684222,54.6992244],[9.1684609,54.6999691],[9.1671591,54.700101],[9.1653042,54.7008228],[9.1625949,54.7013604],[9.1583363,54.7010446],[9.1563273,54.7014014],[9.1543343,54.7014971],[9.1519469,54.7007952],[9.1497546,54.7009589],[9.1498096,54.7008447],[9.1490847,54.7000679],[9.1472872,54.7000543],[9.1434429,54.6927618],[9.1270522,54.6915059],[9.1246945,54.6905173],[9.1268921,54.689964],[9.1276475,54.6877591],[9.1249805,54.6886653],[9.121723,54.6647541]]]}},{"type":"Feature","properties":{"fid":80,"assigned":false,"name":"Goldelund","osm":"relation/1415663","km2":12.0},"geometry":{"type":"Polygon","coordinates":[[[9.0731245,54.669353],[9.0884465,54.6628125],[9.1010409,54.6564045],[9.121723,54.6647541],[9.1249805,54.6886653],[9.1276475,54.6877591],[9.1269968,54.6897773],[9.1265174,54.690144],[9.1146449,54.6926558],[9.110995,54.6929369],[9.1052025,54.6923718],[9.1022231,54.6928828],[9.0993001,54.6930722],[9.0967985,54.6937175],[9.0930785,54.6933504],[9.0920178,54.693406],[9.0907656,54.6938014],[9.0868495,54.6959217],[9.0856235,54.6963214],[9.0837408,54.6964494],[9.0812125,54.6971545],[9.0800944,54.6972415],[9.0768574,54.6964782],[9.0759312,54.6963988],[9.0730849,54.6980572],[9.0689563,54.698384],[9.0673873,54.6988165],[9.0664905,54.6965987],[9.0699585,54.6866733],[9.0740194,54.6739549],[9.0741608,54.6739257],[9.0736171,54.6721737],[9.0731245,54.669353]]]}},{"type":"Feature","properties":{"fid":81,"assigned":false,"name":"Grothusenkoog","osm":"relation/1395343","km2":3.3},"geometry":{"type":"Polygon","coordinates":[[[8.7400452,54.2938922],[8.7402608,54.2937263],[8.7401984,54.2932284],[8.7403469,54.2931675],[8.7420421,54.2928394],[8.7428976,54.2929892],[8.7440251,54.292787],[8.7462627,54.2900188],[8.7483256,54.2888975],[8.7512524,54.2890427],[8.7581445,54.2908781],[8.7589689,54.2909771],[8.7592867,54.2909521],[8.759245,54.2907423],[8.7593812,54.2909382],[8.7672564,54.2896187],[8.7679401,54.2893417],[8.7683486,54.2889605],[8.7701092,54.289881],[8.7698892,54.2900831],[8.7706985,54.2920471],[8.7704274,54.2934415],[8.7694839,54.2938794],[8.7690917,54.2943023],[8.7690209,54.2946874],[8.7693817,54.2951938],[8.7658337,54.3009584],[8.7645032,54.3017561],[8.7643465,54.3021026],[8.7645778,54.302634],[8.764135,54.3031653],[8.7629695,54.3040448],[8.7627347,54.3039368],[8.757196,54.3058293],[8.7552328,54.3063022],[8.7491795,54.3072008],[8.7422655,54.3077191],[8.7419146,54.307274],[8.7406947,54.3072935],[8.7362142,54.3066935],[8.7352584,54.3067074],[8.7344006,54.3064723],[8.7353107,54.3055352],[8.7354257,54.3051834],[8.735721,54.3050164],[8.7413104,54.29786],[8.7403264,54.2971529],[8.7405696,54.2967939],[8.7412876,54.2967725],[8.7400452,54.2938922]]]}},{"type":"Feature","properties":{"fid":82,"assigned":false,"name":"Haselund","osm":"relation/1415325","km2":12.8},"geometry":{"type":"Polygon","coordinates":[[[9.1445141,54.5884302],[9.1495523,54.5884673],[9.154932,54.5875963],[9.1553211,54.5873982],[9.1560388,54.5866004],[9.1583321,54.5852535],[9.1605669,54.5836505],[9.1653339,54.5829505],[9.1698085,54.5808393],[9.1714607,54.5802224],[9.1740643,54.580401],[9.1755672,54.5810026],[9.1764787,54.5811504],[9.1771736,54.5816004],[9.1820254,54.582301],[9.184408,54.5835022],[9.1855923,54.5837411],[9.1876016,54.5844495],[9.1916246,54.5841673],[9.1942728,54.58586],[9.196591,54.586114],[9.2000352,54.5857435],[9.2043632,54.5863506],[9.204667,54.5864786],[9.2047747,54.5869869],[9.2071831,54.5872503],[9.2166864,54.5995274],[9.2224621,54.6046949],[9.2135195,54.6072539],[9.2139673,54.6075009],[9.2106601,54.6086268],[9.1852502,54.615115],[9.1791226,54.6147475],[9.1793506,54.6139004],[9.1742109,54.6126448],[9.1737182,54.6128924],[9.1734806,54.6134641],[9.1727422,54.6143363],[9.1667088,54.6139421],[9.1583755,54.6144592],[9.1564217,54.610271],[9.1552079,54.6101665],[9.1541894,54.610323],[9.1538948,54.6058552],[9.1539795,54.6018189],[9.1547382,54.6008034],[9.1542735,54.6003928],[9.1520767,54.599269],[9.1518324,54.5988839],[9.1513398,54.5966404],[9.1492632,54.595316],[9.1477627,54.5932246],[9.1457523,54.591689],[9.1446404,54.5900579],[9.1445141,54.5884302]]]}},{"type":"Feature","properties":{"fid":83,"assigned":false,"name":"Hude","osm":"relation/1403982","km2":3.5},"geometry":{"type":"Polygon","coordinates":[[[9.2080438,54.3858289],[9.2076014,54.3862637],[9.2076743,54.3874839],[9.207149,54.388026],[9.2049341,54.3886576],[9.2065562,54.3912535],[9.2065374,54.3925719],[9.2071438,54.3928191],[9.2068179,54.3930376],[9.2067853,54.3934334],[9.2071138,54.3937395],[9.2075236,54.3937735],[9.2079997,54.3948264],[9.2081296,54.3955182],[9.2080242,54.3966826],[9.2112708,54.3966086],[9.2115876,54.3971318],[9.2124176,54.3974555],[9.2122153,54.3980198],[9.2131505,54.3980591],[9.2152955,54.4038661],[9.217841,54.402493],[9.2197715,54.4021526],[9.2221258,54.4020893],[9.22498,54.4016031],[9.2277076,54.4005723],[9.2274316,54.400137],[9.2281155,54.4003099],[9.2285749,54.4002412],[9.2257629,54.3956649],[9.2269722,54.3959896],[9.2282134,54.3959412],[9.230271,54.3957025],[9.2316211,54.3951674],[9.2335389,54.3949962],[9.2333098,54.3943375],[9.2340317,54.3912671],[9.2339062,54.3908568],[9.2343458,54.3888384],[9.2343955,54.387848],[9.2333415,54.3848988],[9.2322286,54.382517],[9.2324373,54.3824482],[9.2327408,54.3815151],[9.232506,54.3815566],[9.2320453,54.3803977],[9.23076,54.3765318],[9.2301922,54.3759507],[9.2281578,54.3775809],[9.2261867,54.3786497],[9.2248072,54.3797323],[9.2239811,54.3801208],[9.2231235,54.3803427],[9.2217922,54.3801072],[9.2212282,54.3798006],[9.2198326,54.3797742],[9.2178948,54.3803471],[9.2152198,54.3806393],[9.2135482,54.3811052],[9.2129327,54.3816278],[9.212724,54.3840043],[9.2125211,54.3845263],[9.2119899,54.3851803],[9.2106888,54.3856943],[9.2102349,54.3860305],[9.2088433,54.3861095],[9.208193,54.3859938],[9.2080438,54.3858289]]]}},{"type":"Feature","properties":{"fid":84,"assigned":false,"name":"Humptrup","osm":"relation/1418942","km2":16.9},"geometry":{"type":"MultiPolygon","coordinates":[[[[8.8743961,54.8454268],[8.8513476,54.8474013],[8.8414615,54.8496787],[8.8410667,54.8491005],[8.8363355,54.8501861],[8.8363311,54.8503319],[8.8356763,54.8504724],[8.8348973,54.8483004],[8.831229,54.8491727],[8.8315945,54.8502651],[8.8302678,54.8505671],[8.829041,54.8503051],[8.8247548,54.8503524],[8.8239357,54.849816],[8.8225992,54.8505905],[8.8207874,54.8511258],[8.8211896,54.852513],[8.8155362,54.8536751],[8.8163594,54.8557761],[8.8114318,54.8527636],[8.8083814,54.8534919],[8.8079448,54.851789],[8.8119907,54.85124],[8.8093052,54.8501067],[8.8041214,54.8503257],[8.8037363,54.8500054],[8.8012864,54.8505977],[8.815888,54.8685635],[8.8161362,54.8689298],[8.8160056,54.8689334],[8.8232301,54.8778902],[8.8234797,54.8780025],[8.8283548,54.8774341],[8.8371123,54.8771556],[8.8385389,54.877259],[8.8440652,54.8781756],[8.845638,54.8758667],[8.8528168,54.8741183],[8.8558507,54.8733898],[8.8566013,54.873424],[8.8562932,54.8740929],[8.8605189,54.8729198],[8.8607998,54.8739658],[8.8609905,54.8739076],[8.8608503,54.8733066],[8.8667859,54.8717827],[8.866847,54.8721972],[8.866967,54.8722158],[8.8778087,54.8689833],[8.8794639,54.868933],[8.8816248,54.8683715],[8.8833645,54.8682189],[8.8900016,54.8671065],[8.8899434,54.8664908],[8.8906166,54.8646393],[8.8908459,54.864502],[8.8911324,54.8616215],[8.891154,54.8596704],[8.891513,54.859534],[8.8925125,54.8596759],[8.8959839,54.8584097],[8.8973894,54.8509924],[8.8960283,54.8511432],[8.8959956,54.8510088],[8.8775466,54.851255],[8.8766614,54.8504725],[8.8743961,54.8454268]]],[[[8.8800217,54.9020114],[8.8792579,54.8975035],[8.8800913,54.8968198],[8.8802284,54.8963509],[8.8802461,54.8944233],[8.8787745,54.8946207],[8.8757059,54.8937284],[8.8728796,54.8935404],[8.8732168,54.8929746],[8.8729963,54.8919347],[8.8725483,54.8914236],[8.8712403,54.8891691],[8.8723591,54.8889563],[8.8714751,54.8870149],[8.8713021,54.8870348],[8.8692836,54.8826339],[8.867455,54.8826995],[8.8669591,54.8820467],[8.8667899,54.8820784],[8.8645254,54.8780999],[8.8570506,54.8790295],[8.8597259,54.884095],[8.8595717,54.8841424],[8.859314,54.8858755],[8.8526668,54.8862501],[8.8526493,54.8863526],[8.8530043,54.8868941],[8.8539673,54.8876711],[8.8538626,54.8883836],[8.8540921,54.8888852],[8.8559442,54.8893856],[8.8512221,54.8897912],[8.8498971,54.8894317],[8.8498514,54.8891902],[8.8494147,54.8888015],[8.8494517,54.8883568],[8.8486026,54.8883012],[8.8477572,54.89391],[8.8487015,54.8965587],[8.8480295,54.8972252],[8.8484998,54.8974533],[8.8490496,54.8972774],[8.859834,54.8967299],[8.8607758,54.8972772],[8.8623915,54.8975748],[8.8630397,54.8983871],[8.8649488,54.8990118],[8.8657964,54.8998714],[8.8703875,54.8997075],[8.8726259,54.8993366],[8.8735977,54.8996357],[8.8739596,54.9000951],[8.87493,54.900667],[8.8753398,54.9010837],[8.8769229,54.9016162],[8.8774809,54.9020497],[8.8790028,54.9022118],[8.8800217,54.9020114]]]]}},{"type":"Feature","properties":{"fid":85,"assigned":false,"name":"Immenstedt","osm":"relation/1406976","km2":14.6},"geometry":{"type":"Polygon","coordinates":[[[9.1296158,54.5537604],[9.1309796,54.5516147],[9.1343406,54.5386783],[9.139075,54.5235161],[9.1405023,54.5180271],[9.1577584,54.5149339],[9.1690705,54.5172056],[9.1797447,54.5184287],[9.1758578,54.5244983],[9.1806406,54.5285946],[9.1904255,54.5334778],[9.1940353,54.5349254],[9.196371,54.535512],[9.1989451,54.5366714],[9.1985578,54.5369549],[9.1981539,54.5378417],[9.1985006,54.5380622],[9.1984505,54.5383612],[9.1989187,54.5387139],[9.198055,54.5394839],[9.197831,54.5399099],[9.1979369,54.5403804],[9.1984723,54.541031],[9.1990792,54.5407963],[9.199386,54.5411361],[9.2007678,54.5407364],[9.2016372,54.5418471],[9.2027195,54.5418825],[9.2029391,54.5426258],[9.2034777,54.5433795],[9.203861,54.5438276],[9.2041809,54.5438432],[9.2040618,54.5444111],[9.2030096,54.5444309],[9.2027944,54.5461811],[9.2048693,54.5448313],[9.2095861,54.5479467],[9.2083409,54.5495835],[9.2078724,54.5505692],[9.2079954,54.5510893],[9.2090549,54.5528374],[9.2090234,54.553949],[9.2083301,54.5546769],[9.2075766,54.5551193],[9.2046822,54.5561196],[9.2020869,54.5573071],[9.1997354,54.5581267],[9.1948334,54.5579928],[9.192679,54.5581883],[9.1874585,54.5592182],[9.1834309,54.5596933],[9.1817017,54.5605089],[9.1725289,54.5461428],[9.165532,54.5431893],[9.1652111,54.5431551],[9.1641915,54.5435948],[9.1635812,54.5447311],[9.163021,54.5452826],[9.1627029,54.5468506],[9.1625876,54.5485163],[9.1607275,54.5494073],[9.1583271,54.5496773],[9.1569716,54.5496324],[9.1558392,54.5493473],[9.1530159,54.5482614],[9.1515126,54.5480298],[9.1504769,54.5475665],[9.1490132,54.5472241],[9.1481758,54.5472602],[9.1468517,54.5477757],[9.1456249,54.5478095],[9.1444144,54.5481254],[9.1442506,54.5485514],[9.144654,54.5492915],[9.1443737,54.5497066],[9.1431515,54.5502021],[9.1423389,54.5507331],[9.1412344,54.5508763],[9.1400319,54.5512676],[9.1360758,54.5541559],[9.1345509,54.5547874],[9.1331065,54.5540443],[9.1296158,54.5537604]]]}},{"type":"Feature","properties":{"fid":86,"assigned":false,"name":"Joldelund","osm":"relation/1415666","km2":19.1},"geometry":{"type":"Polygon","coordinates":[[[9.1015894,54.6241382],[9.0984321,54.6249007],[9.0934759,54.6245305],[9.0896704,54.6255652],[9.0848206,54.6263437],[9.0854958,54.6266939],[9.0903221,54.634031],[9.0965903,54.6364321],[9.0963723,54.636728],[9.1011229,54.6565252],[9.1216278,54.6647325],[9.1474064,54.6688658],[9.1634712,54.6666159],[9.1775469,54.6699969],[9.1872938,54.660678],[9.1934038,54.6585006],[9.183373,54.6518055],[9.1774506,54.6541533],[9.1538224,54.6386556],[9.1453157,54.6338536],[9.1431863,54.6273706],[9.1413427,54.6260062],[9.1364052,54.6274764],[9.1344674,54.6285933],[9.122368,54.6326588],[9.1124891,54.6345002],[9.1116012,54.6220047],[9.104086,54.6240897],[9.102284,54.6248481],[9.1015894,54.6241382]]]}},{"type":"Feature","properties":{"fid":87,"assigned":false,"name":"Karlum","osm":"relation/1418484","km2":14.4},"geometry":{"type":"Polygon","coordinates":[[[9.0250763,54.8145522],[9.0248988,54.8128986],[9.0234985,54.8130135],[9.0235839,54.8120876],[9.0212956,54.8117945],[9.00597,54.8073107],[9.0014111,54.8055092],[9.0008406,54.8050122],[9.0010067,54.8044543],[8.9986947,54.8031501],[8.9971905,54.80196],[8.9959247,54.8011938],[8.9947041,54.8001017],[8.9930414,54.7991417],[8.9908374,54.7983248],[8.9896576,54.7975058],[8.9881012,54.7959151],[8.9868897,54.7968798],[8.9872374,54.797046],[8.9853863,54.7998967],[8.9703377,54.802848],[8.9608189,54.8117675],[8.9509746,54.8205338],[8.9524382,54.8211764],[8.9551824,54.8228402],[8.9573385,54.8247167],[8.9570215,54.8261635],[8.9557649,54.8276606],[8.9526471,54.8277461],[8.9516597,54.8285407],[8.9510031,54.8298098],[8.9516924,54.8298505],[8.9534254,54.8303228],[8.9542511,54.8308513],[8.9577873,54.8317608],[8.9600454,54.8317382],[8.9624873,54.8314946],[8.9654172,54.8319347],[8.9668795,54.8325963],[8.9662109,54.8338062],[8.9674336,54.8344364],[8.9691021,54.836307],[8.969224,54.8378324],[8.9690832,54.840764],[8.9848886,54.8405832],[8.9848642,54.8391917],[8.9896983,54.8405962],[8.9941719,54.8402506],[8.9965788,54.8363905],[8.9979031,54.8365085],[8.997949,54.8345646],[8.9977302,54.834469],[8.9995058,54.8314713],[9.001602,54.8311083],[9.0021871,54.8308505],[9.0028483,54.8297611],[9.0065794,54.8291773],[9.0090893,54.829119],[9.0163543,54.8301028],[9.0171487,54.8286959],[9.018138,54.8279133],[9.0189827,54.827658],[9.0205683,54.827683],[9.0251866,54.8255008],[9.025033,54.8216595],[9.0250763,54.8145522]]]}},{"type":"Feature","properties":{"fid":88,"assigned":false,"name":"Katharinenheerd","osm":"relation/1402695","km2":8.4},"geometry":{"type":"MultiPolygon","coordinates":[[[[8.8440635,54.3217235],[8.8185778,54.3168134],[8.8144312,54.3223866],[8.8119827,54.326153],[8.8113256,54.3265844],[8.8112827,54.3269277],[8.8117666,54.3271636],[8.8099486,54.3312326],[8.8114414,54.3314254],[8.8111614,54.3339876],[8.8104682,54.3339569],[8.8104968,54.3336914],[8.808848,54.3335221],[8.8087404,54.3344192],[8.8090294,54.3344272],[8.8089641,54.3361638],[8.8085643,54.3373108],[8.8073151,54.3377784],[8.8057814,54.3374483],[8.8053155,54.3381604],[8.8056531,54.338317],[8.8053131,54.3399286],[8.8040131,54.3398927],[8.8036105,54.3423278],[8.8056284,54.3423808],[8.805773,54.3416699],[8.8079811,54.341801],[8.8080159,54.3419914],[8.8097641,54.3419983],[8.8094556,54.3427565],[8.8092904,54.3428266],[8.8092139,54.343057],[8.8093283,54.3431218],[8.808464,54.3453771],[8.8091641,54.345602],[8.8105432,54.3457225],[8.814116,54.3457915],[8.8145885,54.3455011],[8.8154221,54.3452924],[8.8157361,54.3453701],[8.8159186,54.3458347],[8.8258186,54.3459026],[8.8264047,54.344079],[8.8274151,54.3432647],[8.8275567,54.3427536],[8.828293,54.3429028],[8.8279387,54.3435786],[8.8307577,54.3438899],[8.8311204,54.3430281],[8.8317534,54.3430773],[8.8322789,54.3427741],[8.8411974,54.3442915],[8.841245,54.3444604],[8.8422652,54.3447511],[8.8429066,54.3445816],[8.8473172,54.345329],[8.848067,54.3454785],[8.8489418,54.3459634],[8.8497974,54.3460288],[8.8504164,54.3458457],[8.8615726,54.3478348],[8.8749918,54.3473722],[8.8736622,54.345891],[8.8686651,54.3460921],[8.868115,54.3429627],[8.8672151,54.3427196],[8.8663313,54.3416985],[8.8656373,54.3417178],[8.8646101,54.3395603],[8.8645518,54.3389979],[8.8639392,54.3381626],[8.855787,54.3380621],[8.8559279,54.3378363],[8.8544564,54.3361097],[8.8440635,54.3217235]]],[[[8.8352091,54.3433638],[8.8322149,54.342976],[8.840793,54.3443357],[8.8352091,54.3433638]]]]}},{"type":"Feature","properties":{"fid":89,"assigned":false,"name":"Kirchspiel Garding","osm":"relation/1402694","km2":14.9},"geometry":{"type":"Polygon","coordinates":[[[8.7526225,54.3426131],[8.7527813,54.3428032],[8.7518545,54.3437654],[8.7508567,54.3452683],[8.7508153,54.3471625],[8.7531823,54.3475239],[8.7595283,54.3475467],[8.764582,54.3471029],[8.7649308,54.3472743],[8.7649213,54.3474886],[8.7700527,54.3482157],[8.7725826,54.3481234],[8.7733841,54.3483242],[8.7734226,54.3481394],[8.774838,54.3481944],[8.778442,54.3484513],[8.7821151,54.3490061],[8.782189,54.3488717],[8.7824673,54.3489483],[8.782721,54.3488039],[8.7829985,54.3484696],[8.7846878,54.3491988],[8.7864726,54.3493746],[8.787619,54.3497264],[8.7882434,54.3495713],[8.7885642,54.3496741],[8.7926522,54.3479533],[8.7927754,54.3477497],[8.7923944,54.3469354],[8.79403,54.3466108],[8.7957803,54.3452095],[8.7959426,54.344803],[8.7964167,54.3447277],[8.7970729,54.3448695],[8.7979246,54.3446064],[8.8029159,54.3449306],[8.8045311,54.345342],[8.8049091,54.3452321],[8.8050299,54.3454479],[8.8069612,54.3455394],[8.8076751,54.3454344],[8.8078414,54.3452765],[8.808464,54.3453771],[8.8093283,54.3431218],[8.8092139,54.343057],[8.8092904,54.3428266],[8.8094556,54.3427565],[8.8097641,54.3419983],[8.8080159,54.3419914],[8.8079811,54.341801],[8.805773,54.3416699],[8.8056284,54.3423808],[8.8036105,54.3423278],[8.8040131,54.3398927],[8.8053131,54.3399286],[8.8056531,54.338317],[8.8053155,54.3381604],[8.8057814,54.3374483],[8.8073151,54.3377784],[8.8085643,54.3373108],[8.8089641,54.3361638],[8.8090294,54.3344272],[8.8087404,54.3344192],[8.808848,54.3335221],[8.8104968,54.3336914],[8.8104682,54.3339569],[8.8111614,54.3339876],[8.8114414,54.3314254],[8.8099486,54.3312326],[8.8117666,54.3271636],[8.8112827,54.3269277],[8.8113256,54.3265844],[8.8119827,54.326153],[8.8144312,54.3223866],[8.818556,54.3168507],[8.8153723,54.3164266],[8.8118967,54.316372],[8.8106239,54.3161265],[8.810128,54.3156229],[8.80941,54.3153643],[8.8058231,54.3144779],[8.8034148,54.3142103],[8.8027282,54.3137953],[8.8014182,54.3134492],[8.7845468,54.3110008],[8.7828195,54.3103213],[8.7804755,54.3075864],[8.780313,54.3072875],[8.7803107,54.3064871],[8.7760318,54.3050464],[8.7759868,54.3048661],[8.7762093,54.3045558],[8.7735372,54.304028],[8.7730098,54.3043705],[8.77274,54.3043677],[8.772445,54.3047189],[8.771832,54.3046709],[8.7713125,54.3043393],[8.7715013,54.3038811],[8.7709939,54.3035029],[8.770901,54.303103],[8.7700866,54.3031424],[8.7677444,54.3024876],[8.7678904,54.3022191],[8.7646639,54.3033395],[8.7641223,54.3031604],[8.7629695,54.3040448],[8.7627347,54.3039368],[8.7557677,54.306203],[8.7491795,54.3072008],[8.7421341,54.3077028],[8.7431175,54.3090559],[8.7395847,54.3095841],[8.7419662,54.3112526],[8.742377,54.3121296],[8.7434621,54.3128346],[8.7450486,54.3134682],[8.7444585,54.3154674],[8.7440737,54.3156457],[8.7427461,54.3154218],[8.7432952,54.3164074],[8.7453875,54.3168566],[8.7445975,54.3178271],[8.7459285,54.3182181],[8.7450824,54.3192594],[8.7450826,54.3194617],[8.7454314,54.3204261],[8.7466467,54.3223616],[8.7472742,54.3237078],[8.7473193,54.3260621],[8.7469182,54.3264286],[8.7452382,54.3263087],[8.7448057,54.3265574],[8.7446378,54.3269622],[8.7449901,54.3277758],[8.7446819,54.3283666],[8.7441728,54.3288413],[8.7440565,54.3294951],[8.7444579,54.32977],[8.7460953,54.3296113],[8.7466599,54.3297711],[8.746971,54.3300707],[8.7470053,54.3306535],[8.7467774,54.3310904],[8.7468437,54.331653],[8.7470486,54.3319309],[8.7473636,54.3320619],[8.7485373,54.3320122],[8.7488897,54.3321827],[8.7490891,54.3330407],[8.7502999,54.3347266],[8.7478391,54.3352207],[8.7490573,54.3362092],[8.7500576,54.3375297],[8.7494671,54.3379273],[8.7496586,54.338122],[8.7500223,54.3381148],[8.7483434,54.3406047],[8.7527085,54.3425364],[8.7526225,54.3426131]],[[8.7983411,54.3383403],[8.7982827,54.3379614],[8.7974266,54.3377605],[8.79562,54.3377765],[8.7940256,54.3374925],[8.7939806,54.3376245],[8.7912564,54.3375873],[8.791167,54.337948],[8.7906668,54.3381064],[8.7896469,54.3382957],[8.7885896,54.3382168],[8.7882542,54.337941],[8.787493,54.3378886],[8.7872048,54.3375747],[8.7856513,54.3376365],[8.7856271,54.3372973],[8.7841799,54.3373842],[8.783728,54.33708],[8.7795594,54.336679],[8.7794827,54.3369995],[8.7773352,54.3371291],[8.7762126,54.3375627],[8.7753362,54.3375378],[8.7748634,54.3373599],[8.7746758,54.3375389],[8.7737589,54.3375178],[8.7736248,54.3377115],[8.7712395,54.3371545],[8.7704354,54.3372079],[8.7700966,54.3369393],[8.7686982,54.3368598],[8.7689122,54.3361731],[8.766173,54.3355048],[8.7662716,54.3354386],[8.7658877,54.3353065],[8.7651587,54.334562],[8.7646843,54.3343767],[8.7632466,54.3346333],[8.7630944,54.3343899],[8.7608579,54.3342565],[8.7606255,54.3325458],[8.7607129,54.3317919],[8.7607663,54.3315941],[8.7612073,54.3316533],[8.7621005,54.3300456],[8.7618339,54.3298486],[8.7618438,54.3292171],[8.7625202,54.3289364],[8.7626798,54.3286582],[8.7635229,54.3286912],[8.7637523,54.3281803],[8.7632338,54.328209],[8.7634668,54.3270959],[8.7629996,54.3268516],[8.7609374,54.3264316],[8.7612737,54.3257881],[8.7643507,54.3258084],[8.764356,54.3256652],[8.7741954,54.3256911],[8.7768681,54.3258547],[8.776669,54.3244283],[8.7771269,54.3243993],[8.7771606,54.3241493],[8.7783812,54.3238218],[8.7785858,54.323187],[8.7816686,54.3240442],[8.7817871,54.3237996],[8.7831717,54.3240348],[8.7833073,54.3237618],[8.7850836,54.3238835],[8.7848029,54.3243539],[8.7857712,54.3245538],[8.7858781,54.3243766],[8.7865751,54.3244395],[8.787514,54.3246605],[8.787254,54.3250867],[8.7882142,54.3253025],[8.7883476,54.3250918],[8.7902236,54.3254972],[8.7887426,54.3277193],[8.7962171,54.3289386],[8.8017731,54.3300524],[8.8009312,54.3320402],[8.8000787,54.3335228],[8.800272,54.3335604],[8.7991211,54.3353741],[8.7992291,54.3353886],[8.7994932,54.3384613],[8.7983411,54.3383403]]]}},{"type":"Feature","properties":{"fid":90,"assigned":false,"name":"Koldenbüttel","osm":"relation/1405169","km2":25.7},"geometry":{"type":"MultiPolygon","coordinates":[[[[9.0538081,54.4107737],[9.0565675,54.4138742],[9.0578048,54.4134762],[9.0599603,54.4157852],[9.0603686,54.4156487],[9.0612461,54.416602],[9.0624686,54.416207],[9.0627863,54.4165087],[9.0617842,54.4169575],[9.061539,54.4167384],[9.0611926,54.4168662],[9.0608062,54.4170586],[9.0610484,54.4172642],[9.0583713,54.4184083],[9.0582563,54.4187336],[9.0578098,54.4189153],[9.0576078,54.4187734],[9.0558743,54.4195199],[9.0560702,54.4197112],[9.0550155,54.4200594],[9.0548505,54.4199238],[9.0531186,54.4206039],[9.0512223,54.4208121],[9.0556904,54.4267897],[9.0557904,54.4277951],[9.0566454,54.4284213],[9.0632933,54.4257017],[9.0660283,54.4151385],[9.0674641,54.4160399],[9.0676192,54.415953],[9.0674301,54.4158245],[9.0678902,54.415402],[9.0693295,54.4146866],[9.0743183,54.4135576],[9.0822442,54.4179784],[9.0928835,54.4136518],[9.0988318,54.4166198],[9.102581,54.4173709],[9.1060192,54.4149789],[9.1106916,54.4110997],[9.1109012,54.4101948],[9.1105487,54.4099907],[9.1106529,54.4097325],[9.1102793,54.408484],[9.1106053,54.4065959],[9.1104954,54.4063741],[9.1122066,54.4038111],[9.1135452,54.4024703],[9.1147207,54.4019458],[9.1151875,54.402234],[9.1194876,54.4008669],[9.1219731,54.3998155],[9.1276878,54.3983989],[9.1275848,54.3979438],[9.1283627,54.3974976],[9.1325676,54.3957091],[9.1338164,54.3957297],[9.1382614,54.3967062],[9.1377191,54.3847519],[9.1335816,54.3855213],[9.1325002,54.3860247],[9.1282749,54.3871275],[9.1272357,54.3876823],[9.1254238,54.3877442],[9.1231868,54.3873489],[9.1194948,54.3862505],[9.1169413,54.3852082],[9.1148141,54.384082],[9.1132354,54.3834624],[9.1121075,54.3832931],[9.1111004,54.382336],[9.1105188,54.3821235],[9.1080969,54.3818123],[9.1076134,54.3819169],[9.1044359,54.3818242],[9.0996674,54.3811442],[9.0990727,54.3815841],[9.0976465,54.3858193],[9.0959716,54.3854508],[9.0954796,54.3870516],[9.0927117,54.3866888],[9.0927973,54.386369],[9.0855016,54.3855071],[9.0854663,54.38562],[9.0831231,54.3854843],[9.0831458,54.3856631],[9.0807756,54.3852874],[9.0807824,54.3848237],[9.079428,54.3842457],[9.0767052,54.3839426],[9.0776324,54.3823026],[9.0780854,54.3818674],[9.0781509,54.3813585],[9.0767674,54.3814414],[9.0766556,54.3817605],[9.0762061,54.3817167],[9.0731329,54.380387],[9.0713269,54.3802813],[9.0696347,54.3806123],[9.0700434,54.3804477],[9.0723128,54.3762384],[9.0698981,54.3754358],[9.0742754,54.3736153],[9.0746767,54.3737882],[9.077705,54.3732627],[9.078796,54.3747799],[9.0807255,54.3734449],[9.0808392,54.3729837],[9.0813631,54.3728724],[9.0819661,54.3709283],[9.0799709,54.3667171],[9.0817966,54.3664449],[9.0811438,54.365418],[9.0841263,54.3643908],[9.0826856,54.3634057],[9.079538,54.3624388],[9.0755766,54.3624996],[9.0633838,54.3637727],[9.059035,54.3645662],[9.0533218,54.366222],[9.0507662,54.3667663],[9.0475794,54.3671327],[9.0406999,54.3674341],[9.0368139,54.3684129],[9.0320495,54.370462],[9.0303768,54.3715371],[9.0296542,54.3722901],[9.0290082,54.3731021],[9.0282275,54.3745706],[9.0264946,54.3764718],[9.0255367,54.3770604],[9.0237668,54.3777504],[9.0248015,54.378765],[9.0260878,54.3783551],[9.0287493,54.37913],[9.0321939,54.3805511],[9.035682,54.3794447],[9.0361998,54.3798368],[9.0362505,54.3801327],[9.0354407,54.3802664],[9.0337438,54.3812397],[9.0341817,54.3825798],[9.0339997,54.3826053],[9.034138,54.3831118],[9.0336427,54.3831139],[9.0336783,54.3834414],[9.0272408,54.3834135],[9.0258189,54.3840488],[9.0261847,54.3845356],[9.0270062,54.3848051],[9.0266462,54.3851124],[9.0312374,54.3860314],[9.0314382,54.387674],[9.0323063,54.387637],[9.0332064,54.3896188],[9.0337469,54.389536],[9.0341498,54.3904872],[9.0320628,54.3906935],[9.0298322,54.3912597],[9.0331617,54.3963027],[9.0315655,54.3966396],[9.0326257,54.398241],[9.0342553,54.397866],[9.0358309,54.4002283],[9.0376676,54.3999951],[9.0399813,54.4020083],[9.0394964,54.4021854],[9.041315,54.4038207],[9.0425227,54.4042667],[9.0442477,54.4045149],[9.0460851,54.4061959],[9.0441881,54.4064177],[9.0451023,54.4073561],[9.0436927,54.406841],[9.0479766,54.4105262],[9.0508989,54.4099953],[9.0521282,54.4111968],[9.0538081,54.4107737]]],[[[9.0521804,54.4113335],[9.0524716,54.4114544],[9.0533021,54.4112112],[9.0521804,54.4113335]]]]}},{"type":"Feature","properties":{"fid":91,"assigned":false,"name":"Kolkerheide","osm":"relation/1415598","km2":2.1},"geometry":{"type":"Polygon","coordinates":[[[9.1413427,54.6260062],[9.1364052,54.6274764],[9.1344674,54.6285933],[9.122368,54.6326588],[9.1124891,54.6345002],[9.1116012,54.6220047],[9.104086,54.6240897],[9.102284,54.6248481],[9.1015894,54.6241382],[9.1063027,54.6228953],[9.1097237,54.6215986],[9.1230668,54.6200568],[9.1269912,54.6191539],[9.1277798,54.6188022],[9.1291849,54.6196436],[9.1371578,54.6229488],[9.1413427,54.6260062]]]}},{"type":"Feature","properties":{"fid":92,"assigned":false,"name":"Kotzenbüll","osm":"relation/1402693","km2":7.7},"geometry":{"type":"Polygon","coordinates":[[[8.9258054,54.3408873],[8.9192994,54.3407836],[8.9182204,54.341401],[8.9142918,54.3398908],[8.9096472,54.3433719],[8.9084419,54.3428629],[8.9077784,54.3429939],[8.9045023,54.3417145],[8.8939188,54.3489633],[8.8919708,54.3481793],[8.887235,54.3514207],[8.8867154,54.351122],[8.885739,54.3508905],[8.8858675,54.3510638],[8.8855382,54.3513655],[8.8851229,54.3511321],[8.8852344,54.3509799],[8.8750678,54.3476243],[8.8750701,54.3473784],[8.8749451,54.3474116],[8.8736622,54.345891],[8.8715094,54.3429743],[8.8686039,54.3387181],[8.8684809,54.3382216],[8.87592,54.3375021],[8.8763474,54.3360767],[8.8729259,54.3349789],[8.8728711,54.3326321],[8.8776155,54.3336777],[8.8782566,54.3321217],[8.8799414,54.3320871],[8.8818618,54.3285384],[8.882805,54.3285237],[8.8825851,54.3271421],[8.8828658,54.3240383],[8.8857351,54.3235005],[8.8859791,54.3220312],[8.8857876,54.3234124],[8.9086815,54.3190256],[8.9087234,54.3191374],[8.9103843,54.3188717],[8.9106518,54.3197536],[8.9134612,54.3179803],[8.9137469,54.3186273],[8.9154378,54.3184635],[8.9162974,54.321318],[8.9174871,54.3213989],[8.9174727,54.3219304],[8.9181921,54.3246896],[8.9207811,54.3246602],[8.92114,54.3254135],[8.9194872,54.3263034],[8.9205592,54.3303928],[8.9227697,54.3312991],[8.915981,54.335637],[8.9170459,54.3361135],[8.9157784,54.3356805],[8.9187983,54.3370238],[8.9191818,54.3369332],[8.9208865,54.3377221],[8.9206677,54.3378547],[8.9236709,54.3392599],[8.9249219,54.3401551],[8.9251447,54.3401582],[8.9258054,54.3408873]]]}},{"type":"Feature","properties":{"fid":93,"assigned":false,"name":"Ladelund","osm":"relation/1417212","km2":24.0},"geometry":{"type":"Polygon","coordinates":[[[9.0365818,54.8757559],[9.0482398,54.871973],[9.0574571,54.8729492],[9.0583026,54.8728279],[9.0625711,54.8713356],[9.0634223,54.8711743],[9.0681677,54.8713986],[9.0716077,54.8711832],[9.0760563,54.8718593],[9.0787036,54.8716744],[9.0764231,54.8662957],[9.0758896,54.866197],[9.0749326,54.8652871],[9.0702419,54.8596396],[9.0654208,54.8579276],[9.0650223,54.8575527],[9.0625486,54.8503811],[9.0595118,54.8460861],[9.0594976,54.843144],[9.0705787,54.8398846],[9.0715011,54.825519],[9.0815641,54.8196278],[9.0681034,54.8121931],[9.0507558,54.8121908],[9.048253,54.8124113],[9.044889,54.812352],[9.0414662,54.813102],[9.0396817,54.8141231],[9.0313841,54.8152009],[9.0314346,54.8138138],[9.0300595,54.813719],[9.0250763,54.8145522],[9.025033,54.8216595],[9.0251866,54.8255008],[9.0205683,54.827683],[9.0189827,54.827658],[9.018138,54.8279133],[9.0171487,54.8286959],[9.0163543,54.8301028],[9.0090893,54.829119],[9.0067569,54.8291626],[9.0029663,54.829722],[9.0027616,54.8298314],[9.0021871,54.8308505],[9.001602,54.8311083],[8.9995058,54.8314713],[8.9977302,54.834469],[8.997949,54.8345646],[8.9979031,54.8365085],[8.9965788,54.8363905],[8.9940909,54.8403997],[8.9967011,54.8424282],[8.9969548,54.8424031],[8.9970747,54.8428528],[9.007478,54.8509088],[9.0353716,54.8744141],[9.0365818,54.8757559]]]}},{"type":"Feature","properties":{"fid":94,"assigned":false,"name":"Lexgaard","osm":"relation/1417211","km2":5.2},"geometry":{"type":"Polygon","coordinates":[[[8.9189431,54.8263493],[8.9215259,54.8260686],[8.9220651,54.8258145],[8.9509746,54.8205338],[8.9524382,54.8211764],[8.9551824,54.8228402],[8.9573385,54.8247167],[8.9570215,54.8261635],[8.9557649,54.8276606],[8.9526471,54.8277461],[8.9516597,54.8285407],[8.9510031,54.8298098],[8.9516924,54.8298505],[8.9534254,54.8303228],[8.9542511,54.8308513],[8.9577873,54.8317608],[8.9600454,54.8317382],[8.9624873,54.8314946],[8.9654172,54.8319347],[8.9668795,54.8325963],[8.9662109,54.8338062],[8.9674336,54.8344364],[8.9691021,54.836307],[8.969224,54.8378324],[8.9690832,54.840764],[8.9551865,54.84364],[8.9562313,54.8448293],[8.9502691,54.8465348],[8.9487503,54.8447734],[8.944904,54.8454699],[8.9326714,54.8447701],[8.9317221,54.8434857],[8.9302027,54.8334662],[8.9295659,54.8303574],[8.9288429,54.8302247],[8.9259343,54.8303879],[8.9264161,54.8280122],[8.9205848,54.8269242],[8.9189431,54.8263493]]]}},{"type":"Feature","properties":{"fid":95,"assigned":false,"name":"Löwenstedt","osm":"relation/1415324","km2":19.6},"geometry":{"type":"Polygon","coordinates":[[[9.1431863,54.6273706],[9.1371578,54.6229488],[9.1291849,54.6196436],[9.1277798,54.6188022],[9.1305274,54.6178652],[9.1336868,54.6165071],[9.1379998,54.6152976],[9.1393982,54.6150642],[9.1422418,54.6149509],[9.1434602,54.6152808],[9.1437538,54.6149126],[9.1485377,54.6148442],[9.1507034,54.6128961],[9.151961,54.6114473],[9.1546215,54.610205],[9.1564217,54.610271],[9.1583755,54.6144592],[9.1667088,54.6139421],[9.1727422,54.6143363],[9.1734806,54.6134641],[9.1737182,54.6128924],[9.1742109,54.6126448],[9.1793506,54.6139004],[9.1791226,54.6147475],[9.1852502,54.615115],[9.2106601,54.6086268],[9.2143589,54.6125346],[9.2176684,54.6181725],[9.2216164,54.6287317],[9.2073754,54.631262],[9.2076462,54.6316685],[9.2074195,54.6330712],[9.2132193,54.6351207],[9.2137407,54.6356225],[9.213723,54.6363996],[9.2132628,54.6370244],[9.2126066,54.6375468],[9.2112,54.6395274],[9.2112914,54.6413541],[9.2118265,54.6419504],[9.2134509,54.6417667],[9.216066,54.6435612],[9.2167652,54.6437557],[9.2227671,54.6478109],[9.1934038,54.6585006],[9.183373,54.6518055],[9.1774506,54.6541533],[9.1538224,54.6386556],[9.1453157,54.6338536],[9.1431863,54.6273706]]]}},{"type":"Feature","properties":{"fid":96,"assigned":false,"name":"Mildstedt","osm":"relation/1405172","km2":8.7},"geometry":{"type":"Polygon","coordinates":[[[9.1138939,54.4476717],[9.1148582,54.4484222],[9.1206807,54.4546136],[9.1209016,54.4553357],[9.1211552,54.4555764],[9.1242227,54.4618517],[9.1282399,54.4691931],[9.130113,54.4745702],[9.1321112,54.4747692],[9.1337056,54.474559],[9.1362818,54.4746127],[9.1414266,54.4758356],[9.1434474,54.4759806],[9.1457997,54.4771268],[9.1462199,54.476936],[9.1466754,54.4770548],[9.146778,54.4769572],[9.1488968,54.477529],[9.1492759,54.4783064],[9.149267,54.4786903],[9.1498905,54.4791567],[9.1497055,54.4796294],[9.1485831,54.4807004],[9.1472334,54.4823185],[9.14723,54.4827529],[9.1460075,54.4824091],[9.1247635,54.4826467],[9.1137811,54.4838343],[9.1108555,54.4829301],[9.1007128,54.4827032],[9.0935917,54.4813837],[9.0930477,54.4808104],[9.0921157,54.4808579],[9.0921016,54.4807395],[9.0917982,54.4807032],[9.0913597,54.4791562],[9.0908931,54.4784333],[9.0916542,54.4783791],[9.0915841,54.477944],[9.0979756,54.4754741],[9.0989985,54.4755307],[9.0973544,54.4729706],[9.0954757,54.4731147],[9.0922438,54.4677529],[9.0921183,54.4678244],[9.0918244,54.4673574],[9.091871,54.467164],[9.0905622,54.4679104],[9.0867515,54.4690188],[9.0864183,54.4637668],[9.0860991,54.4636971],[9.0846654,54.4584723],[9.088101,54.4576153],[9.0911751,54.4572589],[9.0943221,54.4559911],[9.0973112,54.4551081],[9.0989168,54.454969],[9.102108,54.4540878],[9.1030554,54.4533805],[9.106805,54.4517455],[9.1080815,54.4507135],[9.1082809,54.4498843],[9.1092682,54.4489334],[9.1098067,54.4486899],[9.1122984,54.4482678],[9.1138939,54.4476717]]]}},{"type":"Feature","properties":{"fid":97,"assigned":false,"name":"Norderfriedrichskoog","osm":"relation/1397062","km2":5.3},"geometry":{"type":"MultiPolygon","coordinates":[[[[8.9045174,54.39335],[8.9084585,54.3951033],[8.9094126,54.3954507],[8.9097049,54.3956815],[8.9098542,54.3962337],[8.9100472,54.3963919],[8.9112679,54.3965187],[8.9135524,54.3974776],[8.914409,54.3975347],[8.9147343,54.3974791],[8.9134367,54.3973924],[8.9113478,54.3964812],[8.9101469,54.3963675],[8.9097499,54.3955347],[8.9045174,54.39335]]],[[[8.8723371,54.4059365],[8.8815026,54.4088524],[8.893179,54.4113774],[8.9041163,54.4157299],[8.9116021,54.4168861],[8.91264,54.4164409],[8.9121017,54.4163866],[8.9120216,54.4158138],[8.9133388,54.4157167],[8.9153106,54.4151761],[8.913593,54.4133089],[8.9135549,54.4093994],[8.9149232,54.4087585],[8.91527,54.4088846],[8.9162015,54.408678],[8.9165826,54.4074419],[8.9164502,54.4032509],[8.916648,54.4028647],[8.9165448,54.402072],[8.9168376,54.3995431],[8.9167536,54.3976047],[8.9166851,54.3972933],[8.9164251,54.3973101],[8.9163894,54.3975637],[8.9160186,54.3976363],[8.9134667,54.397621],[8.9110969,54.3966286],[8.9097241,54.3965644],[8.9094081,54.3956737],[8.9042383,54.3933756],[8.9039023,54.3923952],[8.9028643,54.3904574],[8.9020667,54.3891749],[8.9018788,54.3891299],[8.8981657,54.3902408],[8.8901401,54.3931222],[8.88496,54.3952194],[8.8794854,54.3976988],[8.8781972,54.3982037],[8.877538,54.3981958],[8.8748729,54.4019727],[8.8741776,54.4032639],[8.8733305,54.4042931],[8.8723371,54.4059365]]]]}},{"type":"Feature","properties":{"fid":98,"assigned":false,"name":"Nordstrand","osm":"relation/1420555","km2":57.1},"geometry":{"type":"MultiPolygon","coordinates":[[[[8.8856788,54.5416452],[8.8897903,54.5413231],[8.8921155,54.540904],[8.8953188,54.5421125],[8.8991324,54.5430506],[8.9025218,54.5435276],[8.9066346,54.5437102],[8.9117188,54.5433241],[8.9265746,54.5410197],[8.9287668,54.5409306],[8.9313999,54.5412841],[8.9590287,54.5180863],[8.9597713,54.5172692],[8.948587,54.5138309],[8.9466457,54.5130149],[8.9465559,54.5128055],[8.9467053,54.5122627],[8.9502332,54.502295],[8.9498818,54.5007164],[8.9493595,54.4999093],[8.9477125,54.4988093],[8.9332083,54.4921328],[8.9320213,54.4914708],[8.9314738,54.4909783],[8.9311499,54.4905417],[8.9255962,54.4783766],[8.9249272,54.4774916],[8.9236139,54.4765351],[8.9235576,54.4760195],[8.9204267,54.4691505],[8.9191972,54.4694468],[8.9065714,54.4633416],[8.8969654,54.4600663],[8.8944288,54.4594382],[8.8918057,54.4592583],[8.878496,54.459109],[8.8765609,54.4592323],[8.8733882,54.4598636],[8.8649339,54.4598982],[8.8569202,54.4603907],[8.8418884,54.460711],[8.8347355,54.4631058],[8.8287182,54.4624816],[8.827843,54.462572],[8.8184967,54.4652704],[8.8073339,54.470105],[8.806531,54.4706819],[8.8063103,54.4710721],[8.8062511,54.4716862],[8.8065367,54.4734033],[8.806868,54.4740432],[8.818908,54.4864098],[8.8188475,54.4865887],[8.8174769,54.4874265],[8.8101184,54.489638],[8.8090343,54.4902059],[8.8058672,54.4957409],[8.8061003,54.4970869],[8.8064132,54.4970953],[8.806536,54.4976723],[8.8062929,54.4983534],[8.8065459,54.4984562],[8.8062252,54.4988027],[8.8063627,54.4988505],[8.8075993,54.4981437],[8.8075899,54.498396],[8.8080946,54.4991345],[8.8123521,54.5033417],[8.8129633,54.5037152],[8.8274476,54.5074785],[8.8276043,54.5077204],[8.8279761,54.5078719],[8.8312192,54.5082573],[8.8345438,54.5074588],[8.8360825,54.5083374],[8.8444563,54.5122531],[8.8487675,54.5139],[8.8539359,54.5167244],[8.8725106,54.507254],[8.8779048,54.5007053],[8.8785601,54.4967439],[8.8788532,54.4966826],[8.8787839,54.4962649],[8.8791838,54.4958165],[8.8806716,54.4957184],[8.8806106,54.4954236],[8.8838894,54.4952425],[8.8847235,54.4949381],[8.8854288,54.4952101],[8.8865757,54.4950872],[8.887371,54.4946927],[8.8878005,54.4947049],[8.8888082,54.495084],[8.8902838,54.494588],[8.8913483,54.4947387],[8.8918843,54.4945686],[8.8933874,54.4947235],[8.8942552,54.4946008],[8.8961005,54.4987314],[8.8959661,54.4987537],[8.8960637,54.4989732],[8.8961978,54.4989459],[8.8971183,54.5010353],[8.8971263,54.501224],[8.8969945,54.5012435],[8.8980036,54.5036989],[8.8963515,54.512076],[8.8907106,54.5171852],[8.885299,54.5199817],[8.8854333,54.5207899],[8.8688308,54.5236386],[8.8677538,54.5230003],[8.8671824,54.5230996],[8.8673187,54.5233529],[8.8664391,54.5234956],[8.865575,54.5241573],[8.8697781,54.5270301],[8.8688882,54.5273445],[8.8684195,54.5279831],[8.8693123,54.5296326],[8.8696352,54.5297522],[8.8720195,54.5297603],[8.8744705,54.5341682],[8.8741525,54.5345793],[8.8741888,54.5352545],[8.8746685,54.5357337],[8.8755233,54.5360683],[8.8762791,54.5375613],[8.8772005,54.5401674],[8.8776504,54.5426676],[8.8856788,54.5416452]]],[[[8.8116944,54.5555056],[8.8148688,54.5541551],[8.8152008,54.5537425],[8.815701,54.5537281],[8.8182651,54.5529525],[8.8202637,54.5521212],[8.8213746,54.551445],[8.8223239,54.5512423],[8.8235631,54.5512763],[8.82554,54.5508452],[8.8271266,54.5508518],[8.8274606,54.5505802],[8.827412,54.5502963],[8.8276709,54.550289],[8.8278872,54.5494028],[8.8278193,54.5487984],[8.8280482,54.5484155],[8.8274512,54.5479404],[8.8273698,54.5475524],[8.8274238,54.5451695],[8.832047,54.5462437],[8.8268854,54.5449584],[8.8261342,54.5442817],[8.8244642,54.543393],[8.8226187,54.5430913],[8.8204204,54.5433124],[8.8073156,54.5481682],[8.8039199,54.5490071],[8.8006819,54.5495454],[8.7979485,54.5491478],[8.7951152,54.5495457],[8.7915109,54.5510074],[8.7897408,54.5514232],[8.7893626,54.551784],[8.789459,54.5521313],[8.7898378,54.552405],[8.7927118,54.5525442],[8.7968459,54.5538156],[8.8043394,54.5557377],[8.807707,54.5556301],[8.8104646,54.556374],[8.809733,54.5561173],[8.8116944,54.5555056]]]]}},{"type":"Feature","properties":{"fid":99,"assigned":false,"name":"Oldenswort","osm":"relation/1397061","km2":45.7},"geometry":{"type":"MultiPolygon","coordinates":[[[[8.8793228,54.367558],[8.8791291,54.3673984],[8.8767281,54.3683119],[8.8770353,54.3685365],[8.8781838,54.3679856],[8.8793228,54.367558]]],[[[8.8708683,54.3707996],[8.8734757,54.3696389],[8.8733918,54.3695625],[8.8706854,54.3706885],[8.8708683,54.3707996]]],[[[8.8693511,54.3731192],[8.8761208,54.3722529],[8.8786697,54.3717269],[8.8781617,54.3709516],[8.8754087,54.3713707],[8.8735207,54.3696789],[8.8708761,54.3708508],[8.8720146,54.3718588],[8.8694792,54.3722337],[8.8693511,54.3731192]]],[[[8.8735009,54.378952],[8.8717932,54.3763685],[8.8694357,54.3773318],[8.8695016,54.3774319],[8.8704421,54.3770495],[8.8713504,54.3784375],[8.8703159,54.3786715],[8.8708035,54.3794203],[8.8735009,54.378952]]],[[[8.8742578,54.3823415],[8.8820893,54.3810115],[8.880925,54.3792277],[8.8685035,54.3813161],[8.8697921,54.3816661],[8.8705258,54.3816018],[8.8742578,54.3823415]]],[[[8.8780744,54.3842814],[8.8782967,54.3844845],[8.8832266,54.382754],[8.8823812,54.3814266],[8.8812718,54.3816026],[8.8815817,54.3819499],[8.8761328,54.3828225],[8.87678,54.3832054],[8.8779323,54.3843409],[8.8780744,54.3842814]]],[[[8.8717914,54.3919953],[8.8697778,54.3928447],[8.8694445,54.3929853],[8.8705332,54.3939018],[8.8729035,54.3929249],[8.8717914,54.3919953]]],[[[8.8706288,54.3984279],[8.8706741,54.3986538],[8.8719738,54.3986031],[8.875036,54.3983255],[8.8750256,54.3982005],[8.8760573,54.3980841],[8.8759463,54.3978116],[8.8754294,54.3978571],[8.8753342,54.3977298],[8.8739904,54.3978309],[8.871143,54.3949413],[8.869703,54.3955395],[8.872088,54.3980038],[8.867775,54.3983353],[8.8679966,54.3985717],[8.8689064,54.3987149],[8.8699595,54.3986922],[8.8699266,54.3984855],[8.8706288,54.3984279]]],[[[8.9094574,54.3957321],[8.9097241,54.3965644],[8.9110969,54.3966286],[8.9132438,54.3975732],[8.9143051,54.397677],[8.9163894,54.3975637],[8.9164251,54.3973101],[8.9166677,54.3972067],[8.9147649,54.3974215],[8.9148012,54.3970178],[8.9143955,54.3967113],[8.9149036,54.3964012],[8.9165895,54.3947966],[8.9219374,54.3910851],[8.9227948,54.3913493],[8.9238579,54.3913636],[8.9246263,54.3917819],[8.9250807,54.3925215],[8.9271301,54.3936338],[8.9340007,54.3981775],[8.9401438,54.4002135],[8.940079,54.4003369],[8.9426344,54.4010007],[8.9480358,54.4029557],[8.9517857,54.4040648],[8.9554402,54.4006975],[8.9571286,54.400163],[8.9570907,54.3999449],[8.9593647,54.3980962],[8.9597423,54.3979407],[8.9602309,54.3973599],[8.9687191,54.3901081],[8.9762998,54.3875752],[8.9760054,54.3872043],[8.9874012,54.3832313],[8.9875971,54.3834356],[8.9965096,54.3804945],[8.9964336,54.3803557],[8.9975824,54.3795945],[8.9973033,54.3793744],[8.9975294,54.3789853],[8.9980552,54.3787733],[8.9979197,54.3783775],[8.9982034,54.3782561],[8.9981474,54.3781006],[8.9983963,54.3777489],[8.9989818,54.3777121],[8.9995472,54.3773751],[8.9986108,54.3767346],[8.9998968,54.3765367],[9.0011511,54.3757155],[8.997729,54.3741707],[8.9943395,54.3721103],[8.9915013,54.3699583],[8.9877654,54.3667652],[8.9855583,54.3644746],[8.9842973,54.3626965],[8.9827973,54.3599284],[8.9816622,54.3557808],[8.9815499,54.3548537],[8.9816939,54.3520682],[8.981941,54.3504163],[8.9822426,54.3496238],[8.9837736,54.3472521],[8.9882957,54.3436369],[8.9928508,54.3405054],[8.9941553,54.3389905],[8.9948513,54.3369661],[8.9944586,54.3346276],[8.9939274,54.3338816],[8.9927557,54.3329378],[8.9897848,54.3309805],[8.9844899,54.3277928],[8.9762593,54.3206785],[8.9738034,54.3189024],[8.9697777,54.3179508],[8.9633423,54.3160375],[8.9590342,54.3153737],[8.9552781,54.31827],[8.9539309,54.3198261],[8.9575738,54.3212382],[8.9653002,54.3248162],[8.9543541,54.3281114],[8.9543775,54.329414],[8.9557282,54.3303244],[8.9565784,54.3325905],[8.9559191,54.3327614],[8.9545656,54.3315108],[8.9539455,54.3307945],[8.9528441,54.3286261],[8.9524543,54.3286333],[8.954022,54.3313833],[8.9597244,54.3365077],[8.9595715,54.336584],[8.9605448,54.3374727],[8.9586702,54.3388443],[8.9559855,54.3400773],[8.9530865,54.3418864],[8.9523615,54.3429796],[8.949407,54.3419824],[8.9465583,54.341317],[8.9463964,54.3413341],[8.9460637,54.3417942],[8.9444292,54.3413291],[8.9458898,54.3385612],[8.9471472,54.3387705],[8.9485515,54.3358974],[8.947806,54.3356545],[8.9451229,54.3356854],[8.9450715,54.3358192],[8.9362919,54.3362643],[8.9354113,54.3364085],[8.9354398,54.3403302],[8.9261792,54.3405246],[8.9262073,54.3408932],[8.9192994,54.3407836],[8.9182204,54.341401],[8.9142918,54.3398908],[8.9096472,54.3433719],[8.9084419,54.3428629],[8.9077784,54.3429939],[8.9045023,54.3417145],[8.8939188,54.3489633],[8.8919708,54.3481793],[8.887235,54.3514207],[8.8867154,54.351122],[8.885739,54.3508905],[8.8858675,54.3510638],[8.8851507,54.3515089],[8.8854029,54.351623],[8.8848894,54.3520334],[8.8864746,54.3527984],[8.8839503,54.3542972],[8.8837448,54.3541948],[8.8830513,54.3545222],[8.8821434,54.3552985],[8.8804994,54.3561697],[8.880518,54.3563395],[8.8792316,54.3570668],[8.879962,54.3581625],[8.8796877,54.3584859],[8.8793099,54.358508],[8.8776645,54.3619916],[8.8782668,54.3626983],[8.8783523,54.3640413],[8.8785963,54.3645797],[8.8793243,54.3655162],[8.8818622,54.3640363],[8.8831238,54.3655771],[8.8808351,54.3663425],[8.8794921,54.3673363],[8.8803288,54.3675318],[8.8812873,54.3682097],[8.881802,54.3683819],[8.8831597,54.3680387],[8.8842887,54.367919],[8.8846704,54.3679821],[8.8861853,54.3688145],[8.8859073,54.368968],[8.8869204,54.3695708],[8.8857737,54.3689607],[8.8860874,54.3688109],[8.8845822,54.3680078],[8.8832411,54.3680712],[8.8817511,54.3684177],[8.881151,54.3681911],[8.8803118,54.3675768],[8.8793776,54.3673345],[8.879209,54.3674252],[8.8794511,54.367558],[8.8772002,54.3685213],[8.8796712,54.3691261],[8.8821044,54.370344],[8.8809893,54.3707396],[8.8818566,54.3715417],[8.8841387,54.3711974],[8.8840926,54.3710069],[8.884816,54.3708543],[8.8839497,54.3700897],[8.885086,54.3698741],[8.8860576,54.370786],[8.8852586,54.3710667],[8.8895065,54.3704881],[8.8896249,54.3706406],[8.886484,54.3709443],[8.8765991,54.372496],[8.8776051,54.3741449],[8.8795513,54.3737214],[8.8820156,54.3736207],[8.8833264,54.3737115],[8.8843135,54.3738459],[8.887708,54.3744248],[8.8945733,54.3735453],[8.8981814,54.3728276],[8.8987956,54.3725153],[8.9000689,54.3724681],[8.9008387,54.3722177],[8.9018295,54.3721436],[8.8999899,54.3725285],[8.8988678,54.3725574],[8.8981355,54.3728986],[8.8946688,54.3735891],[8.8878718,54.3744556],[8.8819898,54.3736613],[8.8796806,54.3737498],[8.8776387,54.3741838],[8.8869372,54.3881764],[8.8878316,54.3895977],[8.887844,54.3900298],[8.8891262,54.3918738],[8.8897426,54.3916278],[8.8908006,54.3925118],[8.8931221,54.3917079],[8.8932711,54.3914728],[8.8936736,54.3914177],[8.8927104,54.3905185],[8.8939645,54.3901481],[8.8957535,54.3889443],[8.897863,54.388045],[8.8999279,54.3872801],[8.901645,54.3868818],[8.9020947,54.3883189],[8.9020597,54.3886702],[8.90163,54.3888156],[8.9018256,54.3890441],[8.9025733,54.3889512],[8.9026535,54.389335],[8.9034824,54.390534],[8.9044674,54.3924626],[8.9046903,54.3932293],[8.9045786,54.3933166],[8.9097499,54.3955347],[8.9101469,54.3963675],[8.9113478,54.3964812],[8.9134367,54.3973924],[8.9147343,54.3974791],[8.9135524,54.3974776],[8.9112679,54.3965187],[8.9100472,54.3963919],[8.9098542,54.3962337],[8.9097049,54.3956815],[8.9094126,54.3954507],[8.9044714,54.3932958],[8.9042383,54.3933756],[8.9094574,54.3957321]]],[[[8.8808148,54.3662974],[8.8829091,54.3655483],[8.8818505,54.3641013],[8.879362,54.365619],[8.8803093,54.3665883],[8.8808148,54.3662974]]],[[[8.8801884,54.371697],[8.8799494,54.371836],[8.8802219,54.3717958],[8.8801884,54.371697]]],[[[8.8855668,54.3862786],[8.8835072,54.38317],[8.8788102,54.3851651],[8.880027,54.3867613],[8.8827005,54.3874983],[8.8855668,54.3862786]]],[[[8.9873905,54.3832594],[8.9762502,54.3871516],[8.9762508,54.3871728],[8.9764616,54.3874119],[8.97799,54.3868763],[8.9874966,54.3833637],[8.9873905,54.3832594]]],[[[8.8859541,54.3879932],[8.8866598,54.3885191],[8.8870018,54.3893977],[8.8873605,54.3897942],[8.8877369,54.3896662],[8.8861113,54.3871042],[8.8842094,54.3877439],[8.884821,54.3877267],[8.8859541,54.3879932]]],[[[8.8976991,54.3899381],[8.8968468,54.3889844],[8.8959821,54.3894135],[8.8973459,54.3901695],[8.8976991,54.3899381]]],[[[8.8795559,54.3960242],[8.8890695,54.3919087],[8.8878543,54.3902141],[8.887689,54.3897463],[8.8872901,54.3898273],[8.886917,54.3894146],[8.8865777,54.3885399],[8.8859001,54.3880348],[8.8847856,54.3877758],[8.8830929,54.3877172],[8.8820913,54.3873535],[8.8799695,54.3882529],[8.8802119,54.3884447],[8.8796166,54.3889523],[8.8790203,54.3901214],[8.8784942,54.3906092],[8.8778895,54.3908664],[8.8788056,54.3917708],[8.8741268,54.393717],[8.8756086,54.395216],[8.8779903,54.3944395],[8.8795559,54.3960242]]]]}},{"type":"Feature","properties":{"fid":100,"assigned":false,"name":"Oldersbek","osm":"relation/1405167","km2":10.8},"geometry":{"type":"Polygon","coordinates":[[[9.1451934,54.4209554],[9.159275,54.4214724],[9.1620649,54.4217043],[9.1636972,54.4220577],[9.1674736,54.4232345],[9.1716373,54.423013],[9.1739213,54.4227016],[9.1771838,54.4190175],[9.1787307,54.4187742],[9.1839588,54.4184481],[9.1836701,54.4218374],[9.1839029,54.42196],[9.1838807,54.4223663],[9.1837366,54.4224501],[9.1835814,54.4249524],[9.1837144,54.4249524],[9.1834653,54.427938],[9.1835686,54.4289969],[9.1833461,54.4294454],[9.1831632,54.431577],[9.1834573,54.4317897],[9.1831712,54.4323723],[9.1830599,54.4330242],[9.1831553,54.4335837],[9.1829054,54.4340443],[9.1832283,54.4375406],[9.1829302,54.4400886],[9.1827129,54.4445486],[9.1899787,54.4475458],[9.194714,54.4476722],[9.1918907,54.4539196],[9.1916578,54.460113],[9.1920379,54.4637257],[9.1878383,54.4632991],[9.1838686,54.4634399],[9.1806998,54.4638588],[9.1798681,54.4645551],[9.1766677,54.4649611],[9.1742166,54.4656254],[9.1727307,54.4657066],[9.171067,54.4653818],[9.170679,54.4651998],[9.1707314,54.4649459],[9.1705628,54.4648257],[9.1682626,54.4642445],[9.1678208,54.4643147],[9.1637632,54.4632745],[9.1598054,54.4565068],[9.1559731,54.4532707],[9.1507695,54.4475408],[9.1510101,54.4457416],[9.1493312,54.4436676],[9.1493913,54.4405401],[9.1512112,54.4383695],[9.149553,54.4379846],[9.1495958,54.4372619],[9.1490187,54.4368318],[9.1489439,54.4360874],[9.1473548,54.4299355],[9.1470759,54.4289803],[9.1468613,54.4287923],[9.1451934,54.4209554]]]}},{"type":"Feature","properties":{"fid":101,"assigned":false,"name":"Olderup","osm":"relation/1406817","km2":9.9},"geometry":{"type":"MultiPolygon","coordinates":[[[[9.093867,54.5518701],[9.0994874,54.5490708],[9.1054302,54.5483418],[9.1221108,54.5507002],[9.1232021,54.5511638],[9.1260644,54.5533782],[9.1265873,54.5535403],[9.1296158,54.5537604],[9.1309796,54.5516147],[9.1343406,54.5386783],[9.139075,54.5235161],[9.1405023,54.5180271],[9.1281357,54.5172396],[9.1049483,54.5161466],[9.0921817,54.5269261],[9.0947005,54.5336826],[9.1004447,54.5479301],[9.0976315,54.548258],[9.093917,54.5489326],[9.0918318,54.5488286],[9.0925422,54.5521067],[9.093867,54.5518701]]],[[[9.0417686,54.5507439],[9.043312,54.5482726],[9.0408756,54.5493653],[9.04092,54.549737],[9.0417686,54.5507439]]],[[[9.0447015,54.5599199],[9.0436292,54.5575585],[9.0439114,54.5561738],[9.0469356,54.5521126],[9.0483909,54.5511134],[9.0479901,54.5500496],[9.0482886,54.5496226],[9.0431646,54.5486785],[9.0387633,54.5562553],[9.0368665,54.5604507],[9.0447015,54.5599199]]]]}},{"type":"Feature","properties":{"fid":102,"assigned":false,"name":"Ostenfeld (Husum)","osm":"relation/1404154","km2":27.6},"geometry":{"type":"Polygon","coordinates":[[[9.1920379,54.4637257],[9.1958691,54.4642528],[9.1981762,54.4643087],[9.2007248,54.465194],[9.2055425,54.4652617],[9.2074537,54.4655003],[9.2073273,54.466573],[9.2087274,54.4666083],[9.2109797,54.4669857],[9.2151798,54.4679291],[9.217678,54.4688335],[9.2171984,54.4702839],[9.2197386,54.4705961],[9.2196298,54.4710573],[9.2218344,54.4721478],[9.2241509,54.4747259],[9.2267136,54.4762382],[9.2337115,54.4751811],[9.2379341,54.4728124],[9.2397665,54.4723186],[9.2401383,54.4716781],[9.2412139,54.4712923],[9.2761237,54.466237],[9.2777437,54.4661443],[9.294357,54.469204],[9.3033288,54.4693357],[9.3033607,54.4688049],[9.30369,54.4684345],[9.3044548,54.4682308],[9.3063425,54.4684187],[9.3068217,54.4681385],[9.3074226,54.4668276],[9.3095903,54.4652474],[9.3107794,54.4638581],[9.3114258,54.4628807],[9.3121151,54.4611486],[9.3163342,54.4608636],[9.3194416,54.4609672],[9.3209954,54.4607917],[9.3220069,54.4603433],[9.3219646,54.459916],[9.3227889,54.4600103],[9.3230328,54.4595305],[9.3239908,54.4586639],[9.3253655,54.4581635],[9.3257987,54.4578434],[9.3267232,54.4566757],[9.3270768,54.4559336],[9.3271546,54.4536668],[9.3259846,54.4528586],[9.325781,54.4525158],[9.327408,54.4479723],[9.3271554,54.4475191],[9.3262234,54.4467827],[9.3249787,54.4458882],[9.3236526,54.4453449],[9.3231777,54.4448899],[9.323097,54.444432],[9.3240257,54.442804],[9.323948,54.4423312],[9.3211814,54.4407403],[9.3191835,54.4387566],[9.3183653,54.4384347],[9.3175798,54.4383694],[9.3154467,54.4391651],[9.3144183,54.4391738],[9.3136436,54.4387315],[9.3136638,54.4374397],[9.3133414,54.436995],[9.3100982,54.4362937],[9.3094841,54.4360051],[9.3092813,54.4356696],[9.3093433,54.4351035],[9.3109858,54.4332386],[9.3111718,54.4327755],[9.3110697,54.4319124],[9.3104482,54.4310291],[9.3097097,54.4305629],[9.3089562,54.4303672],[9.3061367,54.4310356],[9.3022728,54.4311379],[9.3006379,54.4309272],[9.2988177,54.4301523],[9.2966597,54.4278017],[9.2941496,54.4260685],[9.2907368,54.4249754],[9.2900219,54.4245495],[9.2897065,54.4239582],[9.2898513,54.4235329],[9.2916119,54.4219798],[9.2913225,54.4213597],[9.2901102,54.420911],[9.2762761,54.4299305],[9.2662278,54.4390306],[9.2635382,54.4413639],[9.2626062,54.4418272],[9.2622969,54.4422642],[9.2502226,54.4452388],[9.2427423,54.448038],[9.2404369,54.4482268],[9.2386793,54.4467716],[9.2376638,54.4464944],[9.2366492,54.4456679],[9.2307109,54.4444182],[9.2242832,54.4436943],[9.2162895,54.4445318],[9.2126071,54.4459593],[9.2067087,54.4457761],[9.1972291,54.4475819],[9.194714,54.4476722],[9.1918907,54.4539196],[9.1916578,54.460113],[9.1920379,54.4637257]]]}},{"type":"Feature","properties":{"fid":103,"assigned":false,"name":"Oster-Ohrstedt","osm":"relation/1406825","km2":11.3},"geometry":{"type":"Polygon","coordinates":[[[9.2864325,54.4972186],[9.285624,54.5012057],[9.2831993,54.5112487],[9.2809426,54.5149371],[9.2841255,54.5167965],[9.2865545,54.5179158],[9.2882928,54.5180923],[9.2902718,54.5194356],[9.2845855,54.5203252],[9.253927,54.5237229],[9.2431311,54.523553],[9.2204696,54.5223301],[9.2073339,54.5212388],[9.2039506,54.5165176],[9.2059934,54.5163691],[9.2064476,54.5145779],[9.2075413,54.5128833],[9.2074566,54.5125761],[9.209077,54.5130735],[9.2097676,54.5125864],[9.2106642,54.512393],[9.2111463,54.5118961],[9.2119786,54.5116072],[9.2117542,54.5112249],[9.2139426,54.5084605],[9.2151734,54.5088147],[9.2188438,54.5062486],[9.2257697,54.5052043],[9.2319459,54.5040471],[9.2588561,54.500053],[9.2712221,54.498755],[9.267031,54.4980969],[9.2676449,54.4973303],[9.2677535,54.4969016],[9.2689483,54.4954773],[9.2711173,54.4955794],[9.2740476,54.49619],[9.2748189,54.4961397],[9.2770042,54.4972694],[9.2760184,54.4982418],[9.2864325,54.4972186]]]}},{"type":"Feature","properties":{"fid":104,"assigned":false,"name":"Osterhever","osm":"relation/1395416","km2":18.5},"geometry":{"type":"MultiPolygon","coordinates":[[[[8.8067876,54.3712217],[8.8076598,54.3709224],[8.8075751,54.3707704],[8.8071727,54.3708407],[8.8057778,54.3715928],[8.8060464,54.3717044],[8.8067876,54.3712217]]],[[[8.6984935,54.3990369],[8.7247835,54.4011408],[8.7245301,54.400373],[8.7249029,54.4002684],[8.7314151,54.4001069],[8.7314026,54.40161],[8.7327302,54.4014577],[8.7330445,54.4016882],[8.7331124,54.4019369],[8.734224,54.4018751],[8.7341821,54.4014043],[8.7345771,54.4012243],[8.7344085,54.3998763],[8.7376616,54.399774],[8.7455202,54.4004046],[8.7457287,54.4014373],[8.7464281,54.4014127],[8.7463913,54.4011895],[8.7539723,54.4017277],[8.7538194,54.4025709],[8.7618098,54.4031904],[8.7617222,54.4040686],[8.7712468,54.4048417],[8.7711627,54.405777],[8.7907875,54.4073306],[8.7906131,54.4082055],[8.7997347,54.4089529],[8.799644,54.409352],[8.8010595,54.4095191],[8.8011741,54.4095842],[8.8010982,54.4099531],[8.8015253,54.4099898],[8.8015045,54.4085796],[8.8006993,54.4084581],[8.8014208,54.4080203],[8.8015212,54.4050782],[8.8014097,54.4034519],[8.8012949,54.4034464],[8.8014367,54.4033085],[8.8014719,54.402132],[8.8013618,54.4020862],[8.8014741,54.4020878],[8.8017205,54.3982785],[8.8015769,54.3982733],[8.801725,54.3981963],[8.8017796,54.3971918],[8.8003203,54.3966961],[8.8000279,54.3964324],[8.8071639,54.393001],[8.8080192,54.3922351],[8.808109,54.3923259],[8.8074195,54.3929551],[8.8082426,54.3925402],[8.8088058,54.3924969],[8.8085174,54.3918547],[8.8083654,54.3907072],[8.8084978,54.3903965],[8.8075894,54.3898761],[8.8073428,54.3890668],[8.8063605,54.389325],[8.8049074,54.3886519],[8.8039926,54.3880502],[8.8023075,54.3864673],[8.8022004,54.386137],[8.8017168,54.3859042],[8.8020469,54.384924],[8.8028791,54.3836509],[8.8029903,54.382555],[8.8023619,54.3820021],[8.7997326,54.3804876],[8.7992368,54.3806561],[8.7987327,54.3803268],[8.7989244,54.3800573],[8.798297,54.3796189],[8.7982545,54.3792797],[8.7977653,54.3786767],[8.7979822,54.3785882],[8.7972622,54.3780175],[8.7970521,54.3775103],[8.7972693,54.377497],[8.797405,54.3771352],[8.7966834,54.3767944],[8.7963354,54.3768009],[8.7965088,54.3769323],[8.7959876,54.3771265],[8.7944941,54.3769632],[8.7940779,54.3767936],[8.7938924,54.3763396],[8.7936609,54.3761847],[8.789195,54.3756881],[8.7889351,54.3777395],[8.7879007,54.377066],[8.7862139,54.3770413],[8.786172,54.3767355],[8.7856423,54.3763547],[8.78145,54.3762698],[8.7810145,54.3772394],[8.7801571,54.3769866],[8.7746159,54.3771178],[8.7747078,54.3780199],[8.7736633,54.3782039],[8.7737779,54.3784061],[8.772735,54.378625],[8.7724676,54.3771012],[8.7705218,54.3769005],[8.7693034,54.3770587],[8.7693704,54.3774364],[8.7678769,54.3773684],[8.7669132,54.3772682],[8.7655284,54.3768461],[8.7655899,54.3766917],[8.7651727,54.3765956],[8.7629733,54.3773382],[8.762906,54.3775623],[8.7619373,54.3772537],[8.7603742,54.3772263],[8.7607848,54.3754758],[8.7607923,54.3740997],[8.7606979,54.3738304],[8.7604403,54.3737669],[8.7602322,54.3732792],[8.7598871,54.3733308],[8.7603507,54.3744014],[8.7600947,54.3764555],[8.755489,54.3747326],[8.7539115,54.3731087],[8.7501645,54.3713556],[8.7497141,54.3714645],[8.749677,54.3719201],[8.7492939,54.3721942],[8.7463759,54.3732317],[8.745222,54.3730737],[8.7440922,54.3725977],[8.7405173,54.3715383],[8.7395443,54.3716506],[8.7393519,54.3717988],[8.739722,54.3719741],[8.737672,54.372907],[8.7371371,54.3734939],[8.7366456,54.3733931],[8.7361181,54.3744204],[8.7334561,54.374202],[8.7334234,54.3744981],[8.7337729,54.3745658],[8.7339609,54.3744026],[8.7343094,54.3744358],[8.7342438,54.3746393],[8.7343586,54.3746548],[8.7378054,54.3748781],[8.7415101,54.3749402],[8.741349,54.3754342],[8.7343691,54.3749506],[8.7322854,54.3749585],[8.7317566,54.3752584],[8.7300713,54.3769654],[8.7289981,54.3790042],[8.7286546,54.3794189],[8.7281365,54.3797164],[8.7132884,54.382391],[8.7123227,54.3825959],[8.7116343,54.3829488],[8.7112098,54.3832839],[8.710924,54.3840761],[8.7106401,54.3857991],[8.7097276,54.387048],[8.7080788,54.388226],[8.7046106,54.3914683],[8.704,54.3916536],[8.7006158,54.3949273],[8.6989963,54.3961584],[8.6990391,54.397684],[8.6984935,54.3990369]]]]}},{"type":"Feature","properties":{"fid":105,"assigned":false,"name":"Pellworm","osm":"relation/1420556","km2":37.3},"geometry":{"type":"MultiPolygon","coordinates":[[[[8.5622614,54.4639525],[8.559331,54.4618402],[8.5570615,54.4607289],[8.5537467,54.459759],[8.5514185,54.4596318],[8.5505402,54.4598016],[8.5498549,54.46018],[8.5465603,54.4642216],[8.5451024,54.4652401],[8.544926,54.4655295],[8.5460361,54.4672066],[8.5467413,54.4678311],[8.5473504,54.4680155],[8.5478669,54.4679052],[8.5487068,54.4680366],[8.5506928,54.4675542],[8.5512845,54.4670331],[8.5520243,54.4667495],[8.5545134,54.4666031],[8.5576063,54.465598],[8.5615281,54.4646068],[8.5622503,54.4641778],[8.5622614,54.4639525]]],[[[8.7371543,54.4685734],[8.738285,54.4682597],[8.7391462,54.4682433],[8.7428921,54.4686673],[8.7443586,54.4690139],[8.7429543,54.4685647],[8.7368963,54.4677167],[8.7348065,54.4667528],[8.732091,54.464829],[8.7307801,54.4640801],[8.7291581,54.4626374],[8.7279065,54.4622667],[8.7264303,54.4621507],[8.7245285,54.4624365],[8.7208879,54.4641951],[8.7199792,54.4650671],[8.7178369,54.4662179],[8.7169263,54.46744],[8.7169235,54.4676251],[8.7171589,54.467642],[8.7170024,54.4675911],[8.7170259,54.4673521],[8.7217043,54.4682011],[8.7258218,54.4685796],[8.7299162,54.468232],[8.7358999,54.468628],[8.7371543,54.4685734]]],[[[8.6867769,54.5105189],[8.7020574,54.5009196],[8.70175,54.5007564],[8.7005118,54.5015456],[8.6997859,54.5012888],[8.6992784,54.5015211],[8.6993352,54.5020334],[8.6991684,54.5023836],[8.6885334,54.509172],[8.686545,54.5105468],[8.6861343,54.5112668],[8.6784695,54.4998519],[8.6789719,54.4996399],[8.6750539,54.4965965],[8.6730877,54.4955883],[8.6696701,54.4943327],[8.6615204,54.4928912],[8.6589811,54.4927766],[8.6455559,54.4906116],[8.6380561,54.4896375],[8.6284066,54.4889274],[8.6255374,54.4890504],[8.6225605,54.489481],[8.6191182,54.4906397],[8.6108535,54.4950064],[8.6095273,54.4961694],[8.6076525,54.4995318],[8.6072196,54.5002103],[8.6067139,54.5006552],[8.6055556,54.5013093],[8.5971841,54.5049668],[8.5929756,54.5081774],[8.5905039,54.5111839],[8.589145,54.5135226],[8.5882569,54.5158482],[8.5873569,54.5215949],[8.5872476,54.5269245],[8.5879542,54.5294642],[8.5911816,54.5322253],[8.5940408,54.5333789],[8.596487,54.5341452],[8.5978448,54.5344151],[8.5979145,54.5341581],[8.6077649,54.5342781],[8.6103729,54.5344391],[8.6172828,54.535651],[8.6227131,54.5348689],[8.6266319,54.5355851],[8.6268393,54.535691],[8.6267408,54.5358573],[8.6273557,54.5359265],[8.6315055,54.5372029],[8.634967,54.5386773],[8.6352349,54.539531],[8.6366533,54.5408775],[8.6378497,54.541571],[8.640096,54.5421884],[8.6406727,54.5450028],[8.6407777,54.5452454],[8.6411387,54.545413],[8.6466269,54.5462457],[8.6518771,54.5460857],[8.6531435,54.5459198],[8.6543915,54.546567],[8.6549951,54.5460772],[8.6551645,54.5465645],[8.6606567,54.5473288],[8.6615167,54.5472157],[8.6624488,54.5467636],[8.6626356,54.5468781],[8.6625758,54.5470699],[8.6655552,54.5471829],[8.665951,54.5473461],[8.6670264,54.5473985],[8.6679388,54.5477229],[8.6687288,54.5478099],[8.669304,54.5481471],[8.6724395,54.5490776],[8.6723505,54.5492264],[8.6734261,54.549317],[8.6731578,54.5497111],[8.6732229,54.5499177],[8.6736824,54.5501593],[8.6748941,54.5503867],[8.6753989,54.5509569],[8.6769902,54.5510988],[8.6773061,54.5517922],[8.677874,54.5520343],[8.679328,54.5520959],[8.6800477,54.5525336],[8.6801362,54.552779],[8.680698,54.5529999],[8.6838717,54.5536243],[8.6871671,54.5540643],[8.6892898,54.5540256],[8.6900024,54.5542512],[8.6944463,54.5544404],[8.6997864,54.5538416],[8.7008629,54.5535988],[8.7023494,54.5535706],[8.7039741,54.553147],[8.7041273,54.552887],[8.706237,54.5524436],[8.7068995,54.5520704],[8.7066546,54.551468],[8.706286,54.5510533],[8.7057218,54.5492025],[8.7048422,54.5478834],[8.7052784,54.5474063],[8.705137,54.5466082],[8.7033806,54.5457972],[8.703058,54.545847],[8.7029836,54.5460071],[8.7025843,54.5453855],[8.7029243,54.545389],[8.7034199,54.5446197],[8.7027182,54.5435608],[8.7034087,54.5409615],[8.7029048,54.5385111],[8.7055011,54.5381726],[8.705923,54.5378907],[8.7059274,54.537702],[8.6963529,54.5238019],[8.6895954,54.5219381],[8.6901739,54.5205545],[8.6898479,54.5203457],[8.6901563,54.5193154],[8.6902191,54.5180437],[8.6886467,54.51719],[8.6880264,54.516527],[8.6885821,54.5159015],[8.6887296,54.5151836],[8.6863211,54.5114468],[8.6863705,54.5109851],[8.6867769,54.5105189]]]]}},{"type":"Feature","properties":{"fid":106,"assigned":false,"name":"Poppenbüll","osm":"relation/1395415","km2":15.5},"geometry":{"type":"MultiPolygon","coordinates":[[[[8.7490184,54.3410452],[8.7526808,54.3425622],[8.7527085,54.3425364],[8.7500257,54.3413914],[8.7490184,54.3410452]]],[[[8.6914051,54.3683226],[8.6903673,54.3721112],[8.6895974,54.3726339],[8.691242,54.3740701],[8.6912131,54.3742794],[8.6988327,54.375351],[8.699873,54.3756407],[8.7065936,54.3759029],[8.7096955,54.3723213],[8.7124759,54.371618],[8.7140687,54.3717226],[8.7227639,54.3713425],[8.7259582,54.3709795],[8.7279168,54.3711492],[8.7283824,54.3723935],[8.7303439,54.3746248],[8.7313122,54.3746612],[8.7320023,54.3750524],[8.7333489,54.3749043],[8.741349,54.3754342],[8.7415101,54.3749402],[8.7343586,54.3746548],[8.7342438,54.3746393],[8.7343094,54.3744358],[8.7334606,54.3745214],[8.7334561,54.374202],[8.7361181,54.3744204],[8.7366456,54.3733931],[8.7371371,54.3734939],[8.737672,54.372907],[8.739722,54.3719741],[8.7393519,54.3717988],[8.7395443,54.3716506],[8.7406532,54.3715391],[8.745222,54.3730737],[8.7463759,54.3732317],[8.7494665,54.3721069],[8.749677,54.3719201],[8.7497141,54.3714645],[8.7500426,54.3713305],[8.7539115,54.3731087],[8.755489,54.3747326],[8.7600947,54.3764555],[8.7603507,54.3744014],[8.7598871,54.3733308],[8.7602322,54.3732792],[8.7604403,54.3737669],[8.7606979,54.3738304],[8.7607923,54.3740997],[8.7607848,54.3754758],[8.7603742,54.3772263],[8.7619373,54.3772537],[8.762906,54.3775623],[8.7629733,54.3773382],[8.7651727,54.3765956],[8.7655899,54.3766917],[8.7655284,54.3768461],[8.7669132,54.3772682],[8.7678769,54.3773684],[8.7693704,54.3774364],[8.7693034,54.3770587],[8.7705218,54.3769005],[8.7724676,54.3771012],[8.772735,54.378625],[8.7737779,54.3784061],[8.7736633,54.3782039],[8.7747078,54.3780199],[8.7746159,54.3771178],[8.7801571,54.3769866],[8.7810145,54.3772394],[8.78145,54.3762698],[8.7856423,54.3763547],[8.786172,54.3767355],[8.7862139,54.3770413],[8.7879007,54.377066],[8.7889351,54.3777395],[8.789195,54.3756881],[8.7936609,54.3761847],[8.7938924,54.3763396],[8.7940779,54.3767936],[8.7944941,54.3769632],[8.7959876,54.3771265],[8.7965088,54.3769323],[8.795774,54.3763607],[8.7944441,54.3745421],[8.7938028,54.3742372],[8.7926564,54.374016],[8.7960869,54.3740429],[8.7956594,54.3731831],[8.7955806,54.3716989],[8.7956387,54.3680794],[8.795941,54.366674],[8.7959272,54.3662662],[8.7956623,54.3662669],[8.7956301,54.3656507],[8.7959014,54.3637234],[8.7955158,54.3637271],[8.795443,54.3642323],[8.7890408,54.3642561],[8.788107,54.3638663],[8.7873044,54.3638715],[8.7842609,54.3639627],[8.7827678,54.3645213],[8.7827607,54.3641125],[8.7832397,54.3639478],[8.7836722,54.3640412],[8.7848918,54.3628747],[8.7862732,54.361278],[8.7860554,54.3612182],[8.7860863,54.3609891],[8.786675,54.360979],[8.7859117,54.3608328],[8.7860259,54.3586185],[8.7855605,54.3580444],[8.7848594,54.3564719],[8.7844996,54.3561551],[8.783759,54.3559876],[8.7831203,54.3545778],[8.7832378,54.3541777],[8.7839284,54.3534086],[8.7841591,54.3524919],[8.7847868,54.351477],[8.7857611,54.3492962],[8.7845258,54.3491528],[8.7829985,54.3484696],[8.782721,54.3488039],[8.7824673,54.3489483],[8.782189,54.3488717],[8.7821151,54.3490061],[8.778442,54.3484513],[8.774838,54.3481944],[8.7734226,54.3481394],[8.7733841,54.3483242],[8.7725826,54.3481234],[8.7696208,54.3481826],[8.7649213,54.3474886],[8.7649308,54.3472743],[8.764582,54.3471029],[8.7595283,54.3475467],[8.7531823,54.3475239],[8.7508153,54.3471625],[8.7508915,54.3451812],[8.7518545,54.3437654],[8.7527922,54.3427286],[8.7489951,54.3410868],[8.7486215,54.3427167],[8.7479315,54.3440406],[8.7480706,54.344723],[8.7473793,54.3476501],[8.7468884,54.3484964],[8.7456657,54.3494515],[8.7453751,54.349541],[8.7448865,54.349187],[8.74369,54.3494855],[8.7432603,54.3498647],[8.7434517,54.3501709],[8.7410237,54.351327],[8.739412,54.3501411],[8.738371,54.3503389],[8.7385322,54.3507711],[8.7382045,54.350835],[8.7387452,54.3517652],[8.7354919,54.3525413],[8.7342725,54.3520701],[8.7338337,54.3517321],[8.7334077,54.3513395],[8.7326588,54.3501579],[8.7308801,54.3506744],[8.7345127,54.3529816],[8.72723,54.3547583],[8.7254843,54.3529215],[8.723656,54.351929],[8.7218203,54.3513456],[8.7187141,54.3512015],[8.7169098,54.3519195],[8.7136844,54.3528811],[8.7143719,54.3535226],[8.7136347,54.3537881],[8.7145451,54.3546779],[8.7135016,54.355012],[8.7121325,54.3558404],[8.7102678,54.3581921],[8.7056268,54.3647527],[8.7047204,54.3650527],[8.6950632,54.3664255],[8.6937506,54.3670674],[8.6927311,54.3678371],[8.6921377,54.3685204],[8.6914051,54.3683226]]]]}},{"type":"Feature","properties":{"fid":107,"assigned":false,"name":"Ramstedt","osm":"relation/1405166","km2":5.4},"geometry":{"type":"Polygon","coordinates":[[[9.1446677,54.4044548],[9.1446037,54.4038235],[9.1437194,54.4026357],[9.1439041,54.4024264],[9.1462751,54.4019852],[9.1469456,54.4014308],[9.1476355,54.400424],[9.148996,54.3996603],[9.1483385,54.3857967],[9.1484356,54.3855402],[9.1461611,54.3857995],[9.144144,54.385737],[9.1404533,54.3851123],[9.1377367,54.3854396],[9.1377191,54.3847519],[9.1411181,54.3844832],[9.1419544,54.3846133],[9.1433696,54.3851906],[9.145743,54.385392],[9.1505496,54.3851255],[9.1528665,54.3856633],[9.1606713,54.3886033],[9.162998,54.389126],[9.162533,54.3915947],[9.1709436,54.3928911],[9.1709842,54.3936291],[9.1704966,54.3936906],[9.1703829,54.3946274],[9.1705899,54.3978973],[9.1722591,54.3997751],[9.1727337,54.400865],[9.1738099,54.4006721],[9.1749245,54.4013872],[9.174853,54.4019851],[9.1763218,54.4018358],[9.1766212,54.4015462],[9.1760426,54.4011791],[9.1769593,54.4007628],[9.1786235,54.4014099],[9.178526,54.4023371],[9.1790786,54.4027117],[9.178643,54.4030636],[9.1787665,54.4031431],[9.1815378,54.4016369],[9.1840344,54.4026387],[9.1849657,54.4017874],[9.1860043,54.4014095],[9.1874902,54.4019244],[9.1883165,54.4020325],[9.1873513,54.4033461],[9.1875785,54.4036956],[9.1854201,54.4053675],[9.1878869,54.4063121],[9.1871079,54.4072945],[9.1919876,54.4128996],[9.1944768,54.4171394],[9.1913913,54.4171092],[9.1889297,54.4172686],[9.1884751,54.4174698],[9.1867345,54.4176009],[9.1858719,54.4180417],[9.1841236,54.4184396],[9.177528,54.4189298],[9.1771838,54.4190175],[9.1748409,54.4216335],[9.1666819,54.4093454],[9.1678593,54.4088702],[9.167432,54.4084005],[9.1646207,54.407621],[9.1619041,54.4085591],[9.1610167,54.4076843],[9.1608356,54.4077475],[9.1596155,54.4066691],[9.159666,54.4064848],[9.1575296,54.4053877],[9.1559629,54.4051308],[9.1528332,54.4049865],[9.1528332,54.4036556],[9.1507817,54.4037248],[9.1506519,54.4045614],[9.1474343,54.4046963],[9.1458394,54.4043941],[9.1446677,54.4044548]]]}},{"type":"Feature","properties":{"fid":108,"assigned":false,"name":"Rantrum","osm":"relation/1405171","km2":13.7},"geometry":{"type":"Polygon","coordinates":[[[9.1138939,54.4476717],[9.1156938,54.4463456],[9.1168588,54.4435075],[9.1190322,54.4403872],[9.1219182,54.4385633],[9.1228898,54.4377323],[9.1231106,54.4372788],[9.1257155,54.4355087],[9.1266767,54.4341133],[9.1276873,54.4331566],[9.1298872,54.4302876],[9.131372,54.4291843],[9.1339675,54.4278293],[9.1303274,54.4233833],[9.1302288,54.4228826],[9.1304519,54.4224474],[9.1318399,54.4215179],[9.132366,54.4205442],[9.1327696,54.4203525],[9.1334725,54.4206249],[9.1339689,54.4206116],[9.1347868,54.420204],[9.1363242,54.4198011],[9.1402074,54.4207339],[9.1451934,54.4209554],[9.1468613,54.4287923],[9.1470759,54.4289803],[9.1473548,54.4299355],[9.1489439,54.4360874],[9.1490187,54.4368318],[9.1495958,54.4372619],[9.149553,54.4379846],[9.1512112,54.4383695],[9.1493913,54.4405401],[9.1493312,54.4436676],[9.1510101,54.4457416],[9.1507695,54.4475408],[9.1559731,54.4532707],[9.1598054,54.4565068],[9.1637632,54.4632745],[9.1678208,54.4643147],[9.1684207,54.4642771],[9.1707314,54.4649459],[9.170679,54.4651998],[9.1690686,54.4652582],[9.1692056,54.4677565],[9.1705511,54.4711965],[9.1713206,54.4737035],[9.173185,54.4807249],[9.1711333,54.4844559],[9.1705293,54.4850352],[9.1703923,54.4854666],[9.1699863,54.4857215],[9.1690223,54.4854157],[9.1647469,54.4849931],[9.1579499,54.4820819],[9.1497055,54.4796294],[9.1498905,54.4791567],[9.149267,54.4786903],[9.1492759,54.4783064],[9.1489562,54.477573],[9.1481452,54.477237],[9.146778,54.4769572],[9.1466754,54.4770548],[9.1462199,54.476936],[9.1457997,54.4771268],[9.1434474,54.4759806],[9.1414266,54.4758356],[9.1362818,54.4746127],[9.1337056,54.474559],[9.1321112,54.4747692],[9.130113,54.4745702],[9.1282399,54.4691931],[9.1242227,54.4618517],[9.1211552,54.4555764],[9.1209016,54.4553357],[9.1206807,54.4546136],[9.1148582,54.4484222],[9.1138939,54.4476717]]]}},{"type":"Feature","properties":{"fid":109,"assigned":false,"name":"Sankt Peter-Ording","osm":"relation/1395345","km2":28.3},"geometry":{"type":"MultiPolygon","coordinates":[[[[8.6870995,54.277369],[8.6892683,54.2770421],[8.6898139,54.276521],[8.6895957,54.2757506],[8.6909783,54.2752179],[8.6911973,54.2745054],[8.6870995,54.277369]]],[[[8.654939,54.3358545],[8.6551799,54.3344356],[8.6546531,54.3344049],[8.6532802,54.3325067],[8.6532721,54.3323693],[8.6537008,54.3323275],[8.6535585,54.3320513],[8.6524864,54.3315778],[8.6535492,54.3301155],[8.654461,54.3280431],[8.6523974,54.3275827],[8.6518003,54.3267899],[8.6520676,54.3259933],[8.6527954,54.3255009],[8.6528924,54.3233402],[8.652764,54.3227038],[8.6534457,54.3226024],[8.65548,54.3228543],[8.6560569,54.3237211],[8.6565415,54.3240316],[8.6570733,54.3242137],[8.6578483,54.3241817],[8.6579146,54.3239663],[8.6586081,54.323546],[8.6586054,54.3229413],[8.658348,54.322283],[8.6602979,54.3208267],[8.662041,54.3204006],[8.6627692,54.3204408],[8.6634333,54.3206888],[8.6644802,54.3197491],[8.6652285,54.3195875],[8.6660333,54.319098],[8.6670101,54.3188436],[8.6668965,54.3180179],[8.6675667,54.3177301],[8.6642718,54.3141892],[8.6638459,54.3139334],[8.6647594,54.3137643],[8.6653602,54.3133822],[8.6670792,54.3129735],[8.6679745,54.3125922],[8.6702178,54.3127412],[8.6706021,54.3125005],[8.6715427,54.3123578],[8.671785,54.3121251],[8.6743491,54.3124085],[8.6745808,54.3122483],[8.675819,54.3120944],[8.6764055,54.3117483],[8.6769728,54.3119133],[8.6773875,54.3106543],[8.6789046,54.3099834],[8.6796443,54.3099773],[8.6800906,54.3094914],[8.6814909,54.3090894],[8.6813908,54.3086336],[8.6835375,54.3085975],[8.6850635,54.3089697],[8.6852391,54.308894],[8.6849735,54.3084665],[8.6846548,54.3083444],[8.684553,54.3074897],[8.6844267,54.3074912],[8.6844791,54.3068629],[8.6853907,54.3055717],[8.6851024,54.3047471],[8.6851343,54.3043713],[8.685674,54.3029442],[8.6864259,54.30192],[8.6879661,54.3011738],[8.6893631,54.3007213],[8.6907309,54.2998881],[8.6911781,54.299787],[8.6910665,54.2996952],[8.6942138,54.2992284],[8.6940787,54.2989956],[8.6923501,54.2985086],[8.6921835,54.2981725],[8.6966949,54.2973847],[8.6966325,54.2972444],[8.6968742,54.2968636],[8.697215,54.2967546],[8.6972557,54.2963553],[8.6975503,54.2963521],[8.6972362,54.2956101],[8.7044543,54.2950445],[8.7046629,54.2952836],[8.7052072,54.2952355],[8.7065329,54.2931034],[8.7060581,54.2929786],[8.7056583,54.2926209],[8.7056749,54.2924413],[8.7060912,54.2922132],[8.7062623,54.2919126],[8.7052833,54.2912135],[8.7056333,54.2908786],[8.7067792,54.2905324],[8.7067768,54.2901349],[8.7064052,54.2896555],[8.7064212,54.2891022],[8.7058573,54.2884967],[8.7058951,54.2883148],[8.7053908,54.288043],[8.7054406,54.2872732],[8.7051754,54.2871597],[8.705096,54.2868463],[8.7043735,54.2865646],[8.7034212,54.285783],[8.7011961,54.2846116],[8.7009678,54.2842445],[8.6989969,54.2834104],[8.6969234,54.2821862],[8.6963272,54.2820408],[8.6960011,54.281722],[8.693345,54.280904],[8.6926367,54.2803508],[8.6920248,54.2802383],[8.6913293,54.2796854],[8.6906697,54.2796461],[8.6896658,54.2792315],[8.6895038,54.2789471],[8.6889881,54.2787607],[8.6893619,54.2786776],[8.689336,54.2783639],[8.6870404,54.2779876],[8.6856856,54.2787483],[8.6854981,54.2785263],[8.6865826,54.2778769],[8.6863951,54.2778611],[8.6867696,54.2775995],[8.6865234,54.2772754],[8.6858705,54.2771525],[8.6862691,54.2769179],[8.6874623,54.2766471],[8.6880012,54.276269],[8.6878417,54.2759598],[8.688667,54.2756154],[8.6872507,54.2753893],[8.6876613,54.2751041],[8.6879009,54.2746818],[8.6885367,54.274416],[8.6884539,54.2736213],[8.6886211,54.2731845],[8.6882356,54.2727225],[8.6869173,54.2725929],[8.6868004,54.2721865],[8.6858553,54.2723289],[8.685375,54.271982],[8.6841494,54.2717595],[8.6834071,54.2718013],[8.6863391,54.2697888],[8.6876012,54.2672841],[8.6887199,54.2665188],[8.6889208,54.2659853],[8.6871628,54.2657585],[8.6855733,54.2652215],[8.683247,54.2657541],[8.6784872,54.268192],[8.6824782,54.268997],[8.681787,54.2692771],[8.6806575,54.2700563],[8.6786891,54.2716477],[8.6774899,54.2719139],[8.6769253,54.2718856],[8.6758582,54.2723386],[8.6748796,54.272907],[8.6748549,54.2731573],[8.6737049,54.2734906],[8.6735331,54.2740585],[8.6732507,54.2740875],[8.6732282,54.2742618],[8.6707373,54.2749599],[8.6706058,54.2752922],[8.6698312,54.2755609],[8.6699795,54.2759273],[8.6685154,54.2762378],[8.6685706,54.2765963],[8.66813,54.2765495],[8.668204,54.2767273],[8.667614,54.2770772],[8.6670221,54.2771864],[8.6675476,54.2780065],[8.6616978,54.2793651],[8.6507444,54.2837832],[8.6381431,54.2897691],[8.6330213,54.2926933],[8.6284543,54.2955573],[8.6217995,54.3006464],[8.616709,54.3029403],[8.6082357,54.3082401],[8.6069962,54.3095418],[8.6066679,54.3104052],[8.6060274,54.3111674],[8.6057844,54.3119022],[8.6038614,54.3136046],[8.6022168,54.3134468],[8.601962,54.3135942],[8.6019452,54.3139241],[8.6021206,54.314091],[8.6030832,54.314214],[8.6030347,54.3146054],[8.6002735,54.3193812],[8.5998382,54.3207907],[8.599587,54.3233328],[8.5996184,54.3293675],[8.5997807,54.3320065],[8.5999245,54.3336557],[8.6005988,54.3343436],[8.601061,54.3339172],[8.6017686,54.3340083],[8.6021777,54.3338306],[8.6033505,54.3321385],[8.602891,54.3319044],[8.6033583,54.3317301],[8.6029975,54.3316978],[8.6030244,54.3315386],[8.6052942,54.3313949],[8.6058908,54.3312247],[8.6054503,54.3319344],[8.6049729,54.3321277],[8.6030089,54.3348775],[8.6012107,54.3385399],[8.6014312,54.3399655],[8.6020209,54.3410784],[8.6029046,54.3416762],[8.6044686,54.3423842],[8.6071732,54.3433987],[8.6085401,54.3437379],[8.6104893,54.3439656],[8.6124249,54.3445101],[8.6141412,54.3446416],[8.6158982,54.3445725],[8.6194069,54.3440584],[8.6202984,54.3447383],[8.6213246,54.3447974],[8.6217479,54.3446703],[8.6223813,54.3439449],[8.6250416,54.3421571],[8.6248657,54.3417652],[8.625024,54.3419192],[8.6276057,54.3407108],[8.6277923,54.34085],[8.6347764,54.3376632],[8.6411951,54.3381727],[8.6437548,54.3380786],[8.6450016,54.3378128],[8.646719,54.3371878],[8.6493191,54.3367593],[8.6507375,54.3362917],[8.6515958,54.3357039],[8.654939,54.3358545]]]]}},{"type":"Feature","properties":{"fid":110,"assigned":false,"name":"Schwabstedt","osm":"relation/1404024","km2":19.6},"geometry":{"type":"MultiPolygon","coordinates":[[[[9.1103897,54.4090595],[9.1219964,54.4112252],[9.121932,54.4123876],[9.1413629,54.417587],[9.1419019,54.4165989],[9.1422088,54.415316],[9.14251,54.4152256],[9.1435012,54.4155026],[9.142957,54.4165827],[9.1494099,54.4178527],[9.1496436,54.4177586],[9.145125,54.414373],[9.1435702,54.4130724],[9.143473,54.4128037],[9.1434609,54.4111143],[9.1439103,54.409347],[9.143801,54.4088098],[9.145009,54.4063138],[9.1451285,54.405164],[9.1445551,54.4042816],[9.1446037,54.4038235],[9.1437194,54.4026357],[9.1439041,54.4024264],[9.1462751,54.4019852],[9.1469456,54.4014308],[9.1476355,54.400424],[9.148996,54.3996603],[9.1483385,54.3857967],[9.1484356,54.3855402],[9.1461611,54.3857995],[9.144144,54.385737],[9.1404533,54.3851123],[9.1377367,54.3854396],[9.1382614,54.3967062],[9.1338164,54.3957297],[9.1325676,54.3957091],[9.1283627,54.3974976],[9.1275848,54.3979438],[9.1276878,54.3983989],[9.1219731,54.3998155],[9.1194876,54.4008669],[9.1151875,54.402234],[9.1147207,54.4019458],[9.1138675,54.402304],[9.112393,54.4035769],[9.1104954,54.4063741],[9.1106053,54.4065959],[9.1102793,54.408484],[9.1103897,54.4090595]]],[[[9.162533,54.3915947],[9.1709436,54.3928911],[9.1709842,54.3936291],[9.1704966,54.3936906],[9.1703829,54.3946274],[9.1705899,54.3978973],[9.1722591,54.3997751],[9.1727337,54.400865],[9.1738099,54.4006721],[9.1749245,54.4013872],[9.174853,54.4019851],[9.1763218,54.4018358],[9.1766212,54.4015462],[9.1760426,54.4011791],[9.1769593,54.4007628],[9.1786235,54.4014099],[9.178526,54.4023371],[9.1790786,54.4027117],[9.178643,54.4030636],[9.1787665,54.4031431],[9.1815378,54.4016369],[9.1840344,54.4026387],[9.1849657,54.4017874],[9.1860043,54.4014095],[9.1874902,54.4019244],[9.1883165,54.4020325],[9.1873513,54.4033461],[9.1875785,54.4036956],[9.1854201,54.4053675],[9.1878869,54.4063121],[9.1871079,54.4072945],[9.1919876,54.4128996],[9.1944768,54.4171394],[9.1950816,54.4171932],[9.1965685,54.4177074],[9.197884,54.4186389],[9.1992219,54.4192707],[9.1997779,54.4201149],[9.2005598,54.4206052],[9.2007335,54.4211612],[9.2013764,54.421874],[9.2032877,54.4226018],[9.2035038,54.4223077],[9.2041834,54.4219185],[9.2047279,54.4219723],[9.2052154,54.421641],[9.2073047,54.4210738],[9.2129246,54.4202129],[9.2200935,54.4188143],[9.2239692,54.4183462],[9.2239684,54.4187159],[9.2241318,54.4188979],[9.2692202,54.4126948],[9.2742205,54.4125089],[9.2743438,54.4122826],[9.275685,54.4125532],[9.2786532,54.4103071],[9.2788355,54.4099356],[9.2782153,54.4095552],[9.2737853,54.4078378],[9.2730216,54.4074083],[9.2720969,54.4066145],[9.2717917,54.4061166],[9.2719176,54.4053518],[9.2738247,54.4038409],[9.2739818,54.4033877],[9.273673,54.4030345],[9.2728533,54.4027309],[9.2697132,54.402464],[9.2688102,54.4021291],[9.2687615,54.4015067],[9.2698093,54.4006877],[9.2701508,54.4001722],[9.2701092,54.399706],[9.2698517,54.3994101],[9.2686526,54.3992421],[9.2647948,54.3996046],[9.2641273,54.3994723],[9.2637913,54.3991936],[9.2636937,54.3988578],[9.2638407,54.3984919],[9.2652931,54.3968949],[9.2655174,54.3963473],[9.2650741,54.3956431],[9.2639345,54.3951728],[9.2638403,54.3953511],[9.250381,54.3969501],[9.2505312,54.3975122],[9.2489433,54.3976371],[9.248777,54.3973935],[9.2476344,54.3974716],[9.244743,54.3967877],[9.2444587,54.3966034],[9.2427635,54.3969751],[9.24238,54.3956228],[9.2415512,54.395857],[9.239856,54.3959757],[9.2395663,54.3962692],[9.2395341,54.3966503],[9.2397594,54.3971312],[9.239577,54.397456],[9.2397426,54.3980894],[9.2352351,54.3996201],[9.2325313,54.4009137],[9.23376,54.4015771],[9.2329854,54.4028935],[9.2323532,54.4028521],[9.2304821,54.4032728],[9.2294108,54.4030074],[9.2264834,54.4032286],[9.2258438,54.402123],[9.2250956,54.4015694],[9.2221258,54.4020893],[9.2197715,54.4021526],[9.217841,54.402493],[9.2152955,54.4038661],[9.2131505,54.3980591],[9.2122153,54.3980198],[9.2124176,54.3974555],[9.2115876,54.3971318],[9.2112708,54.3966086],[9.2080242,54.3966826],[9.2081296,54.3955182],[9.2079997,54.3948264],[9.2075236,54.3937735],[9.2071138,54.3937395],[9.2067853,54.3934334],[9.2068179,54.3930376],[9.2071438,54.3928191],[9.2065374,54.3925719],[9.2065562,54.3912535],[9.2049559,54.3887831],[9.2049341,54.3886576],[9.2070938,54.3880575],[9.2076743,54.3874839],[9.2076014,54.3862637],[9.2080438,54.3858289],[9.2075393,54.3855039],[9.2075193,54.385012],[9.2084291,54.3834631],[9.2084591,54.3828942],[9.2083172,54.3826622],[9.2074063,54.3822613],[9.2041035,54.381586],[9.2016073,54.3820613],[9.2000137,54.3835095],[9.1984349,54.3842281],[9.1974005,54.3842217],[9.1935556,54.3835749],[9.1926011,54.3835243],[9.1911998,54.3837224],[9.1900452,54.3843315],[9.1885212,54.3866319],[9.1874038,54.3873415],[9.1836586,54.3873338],[9.1817171,54.3874902],[9.1815386,54.3869805],[9.1810484,54.3866543],[9.1797777,54.3868807],[9.1777966,54.3882815],[9.1776173,54.3888701],[9.1778819,54.3894968],[9.1771738,54.3899414],[9.1771078,54.3902092],[9.177482,54.3908538],[9.1767288,54.39079],[9.1726553,54.3912025],[9.167622,54.389474],[9.1644309,54.3891246],[9.162998,54.389126],[9.162533,54.3915947]]]]}},{"type":"Feature","properties":{"fid":111,"assigned":false,"name":"Schwesing","osm":"relation/1406819","km2":15.6},"geometry":{"type":"Polygon","coordinates":[[[9.1577584,54.5149339],[9.1570489,54.5100048],[9.1585157,54.5056563],[9.1629614,54.4985555],[9.1656347,54.4986413],[9.1665819,54.4967127],[9.1673807,54.4945792],[9.1673374,54.4915498],[9.17037,54.491339],[9.1707248,54.4897261],[9.1717393,54.4873045],[9.1724709,54.4862806],[9.1708055,54.4860334],[9.1690223,54.4854157],[9.1645536,54.4849459],[9.1579499,54.4820819],[9.1497055,54.4796294],[9.1478331,54.4815225],[9.1472334,54.4823185],[9.14723,54.4827529],[9.1460075,54.4824091],[9.1247635,54.4826467],[9.1137811,54.4838343],[9.1108555,54.4829301],[9.1007128,54.4827032],[9.0934375,54.4813551],[9.0932791,54.482494],[9.0929062,54.4833684],[9.0925335,54.4834846],[9.0946109,54.4861991],[9.0945572,54.4863746],[9.094089,54.4865782],[9.0952967,54.487259],[9.0960326,54.4873266],[9.0963357,54.4879727],[9.0965328,54.487959],[9.0965955,54.4885399],[9.096426,54.4893328],[9.0969703,54.4904066],[9.0971643,54.4911869],[9.0982825,54.4912428],[9.1049483,54.5161466],[9.1281357,54.5172396],[9.1405023,54.5180271],[9.1577584,54.5149339]]]}},{"type":"Feature","properties":{"fid":112,"assigned":false,"name":"Seeth","osm":"relation/1402989","km2":13.7},"geometry":{"type":"Polygon","coordinates":[[[9.1110197,54.3786721],[9.1232908,54.3770224],[9.1236408,54.3776536],[9.1286949,54.3769275],[9.1438725,54.37439],[9.1443097,54.3743055],[9.1439722,54.3736791],[9.1466641,54.3734865],[9.1447781,54.3696661],[9.1435449,54.3682222],[9.1425102,54.3663795],[9.1421723,54.3660924],[9.1417837,54.3652154],[9.14233,54.365171],[9.1422121,54.3649782],[9.1454123,54.3646239],[9.1474752,54.3647365],[9.147445,54.3643357],[9.151692,54.3641749],[9.1520144,54.3639966],[9.1520522,54.363003],[9.1525636,54.3622361],[9.152311,54.3621206],[9.1529562,54.3610053],[9.1544189,54.3613134],[9.1542386,54.3614607],[9.1544454,54.3615653],[9.1561591,54.3618024],[9.1597128,54.3606515],[9.1593576,54.3602575],[9.1647035,54.3582828],[9.1651537,54.3583935],[9.1659109,54.3582905],[9.1823269,54.3557032],[9.1854776,54.3562475],[9.1867764,54.358045],[9.1908857,54.3573429],[9.1935344,54.3575509],[9.194782,54.3623165],[9.1918423,54.3627421],[9.1960158,54.3661446],[9.1985865,54.3656219],[9.199772,54.3649084],[9.200715,54.3645871],[9.2008917,54.364842],[9.2068382,54.3636134],[9.2084896,54.3635012],[9.206833,54.3702193],[9.206391,54.3723085],[9.2065458,54.3724003],[9.2051707,54.3777738],[9.2043924,54.3816482],[9.2031106,54.3816734],[9.2016073,54.3820613],[9.2000137,54.3835095],[9.1984349,54.3842281],[9.1974005,54.3842217],[9.1935556,54.3835749],[9.1926011,54.3835243],[9.1911998,54.3837224],[9.1900452,54.3843315],[9.1885212,54.3866319],[9.1874038,54.3873415],[9.1836586,54.3873338],[9.1817171,54.3874902],[9.1815386,54.3869805],[9.1810484,54.3866543],[9.1797777,54.3868807],[9.1777966,54.3882815],[9.1776173,54.3888701],[9.1778819,54.3894968],[9.1771738,54.3899414],[9.1771078,54.3902092],[9.177482,54.3908538],[9.1767288,54.39079],[9.1737716,54.3911575],[9.1723719,54.3911553],[9.167622,54.389474],[9.1644309,54.3891246],[9.162998,54.389126],[9.1606713,54.3886033],[9.1536079,54.3859247],[9.1514906,54.3852905],[9.1500907,54.3850892],[9.145743,54.385392],[9.1440746,54.3852755],[9.1433696,54.3851906],[9.1419544,54.3846133],[9.1411181,54.3844832],[9.1383344,54.3846697],[9.1344435,54.3853307],[9.1335816,54.3855213],[9.1325002,54.3860247],[9.1282749,54.3871275],[9.1272357,54.3876823],[9.1249583,54.3877282],[9.1200464,54.3864512],[9.1174976,54.3854583],[9.1157825,54.3845891],[9.1190463,54.382825],[9.1188669,54.3826904],[9.1193631,54.3825303],[9.1186094,54.3823288],[9.113455,54.3791408],[9.1127837,54.3790296],[9.1113124,54.3792195],[9.1110197,54.3786721]]]}},{"type":"Feature","properties":{"fid":113,"assigned":false,"name":"Simonsberg","osm":"relation/1402820","km2":17.4},"geometry":{"type":"Polygon","coordinates":[[[8.9326315,54.4326875],[8.9332788,54.4322404],[8.9329248,54.4318116],[8.9340137,54.4282926],[8.9454306,54.428989],[8.9563893,54.4301199],[8.9693735,54.4289012],[8.974334,54.4281116],[8.9744908,54.42863],[8.9746266,54.4286324],[8.9769428,54.428432],[8.9989455,54.4281665],[9.0143303,54.4280349],[9.0173904,54.42815],[9.0160063,54.4294556],[9.0141573,54.4308046],[9.0113038,54.4323339],[9.009963,54.4333726],[9.0093685,54.4343329],[9.0090702,54.4355214],[9.0099786,54.4357323],[9.009758,54.435985],[9.0120651,54.4364889],[9.0128432,54.4372908],[9.0146569,54.4380215],[9.0141338,54.4383799],[9.0138937,54.4387507],[9.0139369,54.4391968],[9.014426,54.4397254],[9.017248,54.4414098],[9.0176622,54.4418094],[9.0180947,54.4418285],[9.0213705,54.4436217],[9.0230453,54.4447517],[9.0217038,54.446848],[9.0213148,54.4467751],[9.0198482,54.4482604],[9.0196451,54.448954],[9.0183921,54.4494896],[9.0192912,54.4503788],[9.0183802,54.45198],[9.0183921,54.4522121],[9.0203618,54.4546892],[9.0240678,54.4583239],[9.0249498,54.4595119],[9.026428,54.4629578],[9.0266028,54.4635456],[9.026485,54.4639813],[9.0274467,54.4654627],[9.0278135,54.4673416],[9.0282446,54.4686334],[9.0288659,54.4692182],[9.0295749,54.4694979],[9.0260187,54.4699528],[9.0261041,54.4704641],[9.0259416,54.4704819],[9.026067,54.470848],[9.0256003,54.4708907],[9.0257568,54.4712809],[9.0253155,54.4713247],[9.0256091,54.471872],[9.0230417,54.4723223],[9.0173897,54.47378],[9.0174835,54.4738374],[9.0145917,54.474657],[9.0146261,54.4739596],[9.014445,54.4736095],[9.0123093,54.4729866],[9.0110374,54.4721124],[9.0047956,54.4737794],[8.999279,54.4652926],[9.0041352,54.4642168],[9.0037787,54.4638049],[9.002441,54.4629213],[9.0002216,54.462166],[8.966781,54.455565],[8.9655703,54.4558371],[8.9625929,54.4552588],[8.9618532,54.4546284],[8.9595529,54.4541116],[8.9570678,54.4531537],[8.9543033,54.4508295],[8.953423,54.4496235],[8.9530192,54.4495655],[8.9523348,54.4489377],[8.9505928,54.4468655],[8.9503761,54.4464444],[8.950276,54.4451007],[8.9496983,54.4442509],[8.9500116,54.4438941],[8.9501222,54.4423947],[8.9494955,54.4419774],[8.9489855,54.4413136],[8.948518,54.4396057],[8.9491898,54.4395662],[8.9483426,54.438412],[8.9470578,54.4377809],[8.9425658,54.4374346],[8.9415339,54.4371496],[8.9385136,54.4359008],[8.9352016,54.4338156],[8.9326315,54.4326875]]]}},{"type":"Feature","properties":{"fid":114,"assigned":false,"name":"Sollwitt","osm":"relation/1415323","km2":10.9},"geometry":{"type":"Polygon","coordinates":[[[9.2216164,54.6287317],[9.2278004,54.6257839],[9.2293922,54.625357],[9.2292632,54.625181],[9.2319778,54.6239642],[9.2321348,54.6200966],[9.2415214,54.6144353],[9.2419694,54.607813],[9.2470826,54.6073021],[9.250253,54.6073091],[9.250575,54.6062952],[9.2521038,54.6056163],[9.2539105,54.6040515],[9.2539525,54.6037885],[9.2559602,54.6037845],[9.2605124,54.6031626],[9.2621512,54.6035976],[9.2643108,54.6035936],[9.2656056,54.6037546],[9.2658466,54.6039525],[9.2665765,54.6037166],[9.2674773,54.6024647],[9.2664635,54.6023157],[9.2662006,54.6011528],[9.2665175,54.599894],[9.2623102,54.599673],[9.2600196,54.5983681],[9.2551624,54.5985131],[9.2549664,54.5982991],[9.2555649,54.588737],[9.2573102,54.58856],[9.2551655,54.5842537],[9.2501494,54.5787674],[9.2496946,54.5786625],[9.2418202,54.5795534],[9.2143292,54.5836551],[9.206881,54.5867188],[9.2071765,54.5873001],[9.2166864,54.5995274],[9.2224621,54.6046949],[9.2135195,54.6072539],[9.2139673,54.6075009],[9.2106489,54.6086651],[9.2143589,54.6125346],[9.2176684,54.6181725],[9.2216164,54.6287317]]]}},{"type":"Feature","properties":{"fid":115,"assigned":false,"name":"Sprakebüll","osm":"relation/1416964","km2":11.3},"geometry":{"type":"Polygon","coordinates":[[[9.0109558,54.7746512],[9.009783,54.7742685],[9.0070327,54.7729688],[9.0056745,54.7726631],[9.0044472,54.7725909],[9.0037981,54.7687818],[9.0039994,54.7687677],[9.0039372,54.7684782],[9.0085479,54.7681897],[9.0133923,54.7693058],[9.0235813,54.768793],[9.0384492,54.765743],[9.0382575,54.7636034],[9.0378006,54.7634562],[9.0394179,54.7635087],[9.0400107,54.7628393],[9.0418004,54.7624853],[9.043084,54.760279],[9.0424454,54.7601867],[9.0429293,54.7570455],[9.0429502,54.7550159],[9.0456403,54.7549187],[9.0491288,54.7554645],[9.048242,54.7570207],[9.0525031,54.7578155],[9.0524163,54.7572107],[9.0573828,54.7567872],[9.0782374,54.7570425],[9.0783195,54.75633],[9.0817111,54.7567937],[9.0884463,54.7588222],[9.0919975,54.7602505],[9.0937525,54.7615243],[9.0964912,54.7638465],[9.0966229,54.764344],[9.1107034,54.7684959],[9.107638,54.7764052],[9.1077311,54.7766149],[9.0995106,54.7799668],[9.0913979,54.7841],[9.0885294,54.7830888],[9.0805171,54.7816694],[9.0798338,54.7812335],[9.0752013,54.7791999],[9.0739466,54.778146],[9.0739736,54.7776963],[9.0744757,54.7768548],[9.0745138,54.7764946],[9.0741424,54.7748285],[9.0734844,54.774483],[9.0712901,54.774417],[9.0682527,54.7748131],[9.0631371,54.7738952],[9.0551917,54.7738156],[9.0537517,54.7753551],[9.045217,54.7767715],[9.0451417,54.7772567],[9.0389795,54.7777046],[9.0388231,54.7766363],[9.0358484,54.7772807],[9.0341717,54.7774241],[9.0267539,54.7771846],[9.0109558,54.7746512]]]}},{"type":"Feature","properties":{"fid":116,"assigned":false,"name":"Stadum","osm":"relation/1416963","km2":19.7},"geometry":{"type":"Polygon","coordinates":[[[9.0073661,54.7401726],[9.019392,54.7391857],[9.0182279,54.7366005],[9.0193845,54.7367036],[9.0215498,54.7309162],[9.0220688,54.7267595],[9.0281212,54.7263341],[9.0310246,54.7256439],[9.0312495,54.7249649],[9.0333082,54.7248818],[9.0353255,54.7230119],[9.0359336,54.7227314],[9.0343601,54.721043],[9.0313902,54.7193621],[9.0307569,54.7192042],[9.0295811,54.7170542],[9.033027,54.7165516],[9.0422297,54.7183138],[9.0462692,54.7186589],[9.0488713,54.7192715],[9.0502273,54.7188514],[9.0525497,54.7166249],[9.0534963,54.7164363],[9.0609182,54.7153678],[9.0731339,54.7140139],[9.0783423,54.7136153],[9.0787307,54.7138818],[9.0801355,54.7143088],[9.0767633,54.7170834],[9.0764774,54.7174503],[9.0763661,54.7179857],[9.0764786,54.7184795],[9.078851,54.7229302],[9.0793559,54.7326495],[9.0753963,54.7371729],[9.0711181,54.7388236],[9.0733824,54.7428187],[9.0801014,54.7453444],[9.0793253,54.7484529],[9.0782374,54.7570425],[9.0573828,54.7567872],[9.0524163,54.7572107],[9.0525031,54.7578155],[9.048242,54.7570207],[9.0491288,54.7554645],[9.0456403,54.7549187],[9.0429502,54.7550159],[9.0429293,54.7570455],[9.0424454,54.7601867],[9.043084,54.760279],[9.0418004,54.7624853],[9.0400107,54.7628393],[9.0394179,54.7635087],[9.0378006,54.7634562],[9.0382575,54.7636034],[9.0384492,54.765743],[9.0235813,54.768793],[9.0133923,54.7693058],[9.0085479,54.7681897],[9.0039372,54.7684782],[9.0038922,54.768284],[9.002792,54.7683449],[9.0027728,54.768036],[9.0040781,54.7678343],[9.0087186,54.7676884],[9.0102521,54.7679703],[9.0113908,54.7677591],[9.0129858,54.766257],[9.0126445,54.7646421],[9.0127227,54.7641959],[9.0153654,54.762215],[9.015235,54.7616044],[9.0039725,54.7544713],[9.0056416,54.7492494],[9.0080302,54.7446606],[9.0073661,54.7401726]]]}},{"type":"Feature","properties":{"fid":117,"assigned":false,"name":"Süderhöft","osm":"relation/1403981","km2":2.6},"geometry":{"type":"Polygon","coordinates":[[[9.2301922,54.3759507],[9.2312396,54.3755701],[9.23507,54.3757501],[9.2358399,54.3756391],[9.2367617,54.3752762],[9.2391633,54.3737124],[9.2407601,54.3731404],[9.2430777,54.3728695],[9.2528192,54.3722556],[9.2543929,54.3714997],[9.2564696,54.3710577],[9.2587362,54.3710537],[9.2609269,54.3713127],[9.2631575,54.3721756],[9.2639282,54.3727989],[9.2639838,54.373085],[9.2636883,54.3734959],[9.2626525,54.37416],[9.2618238,54.3749973],[9.2607191,54.3752504],[9.2591393,54.3751137],[9.2584764,54.3754035],[9.2583732,54.3758771],[9.2601474,54.377043],[9.2603258,54.3772681],[9.2602761,54.3776733],[9.2590857,54.3784507],[9.2570562,54.3793409],[9.2566918,54.3793664],[9.2572925,54.3806579],[9.2597232,54.3834658],[9.2590284,54.3837815],[9.2462248,54.3845361],[9.2476374,54.3871998],[9.2473431,54.3872665],[9.2452339,54.3872538],[9.2449614,54.3869808],[9.2429394,54.3866413],[9.2427977,54.3861906],[9.2422309,54.38607],[9.238841,54.3866095],[9.2377455,54.3869586],[9.2376093,54.3870411],[9.2376856,54.3875997],[9.2383672,54.3897216],[9.2362853,54.389582],[9.2362362,54.390039],[9.2365142,54.3910545],[9.2352828,54.391383],[9.2340879,54.3912955],[9.2339832,54.391127],[9.2339062,54.3908568],[9.2344028,54.3882083],[9.234292,54.3873139],[9.2322286,54.382517],[9.2324373,54.3824482],[9.2327408,54.3815151],[9.232506,54.3815566],[9.2320453,54.3803977],[9.23076,54.3765318],[9.2301922,54.3759507]]]}},{"type":"Feature","properties":{"fid":118,"assigned":false,"name":"Süderlügum","osm":"relation/1418485","km2":26.5},"geometry":{"type":"Polygon","coordinates":[[[8.9671101,54.8743707],[8.9663881,54.8711894],[8.9634904,54.8605251],[8.9633191,54.860543],[8.963155,54.8600421],[8.963351,54.8600275],[8.9611047,54.850644],[8.9583259,54.8472735],[8.957978,54.8465098],[8.9577539,54.8464477],[8.9562313,54.8448293],[8.9502691,54.8465348],[8.9487503,54.8447734],[8.944904,54.8454699],[8.9387774,54.852296],[8.928483,54.8528078],[8.900499,54.8571166],[8.8959839,54.8584097],[8.8925125,54.8596759],[8.891513,54.859534],[8.891154,54.8596704],[8.8911324,54.8616215],[8.8908459,54.864502],[8.8906166,54.8646393],[8.8899434,54.8664908],[8.8900016,54.8671065],[8.8897989,54.867207],[8.8816248,54.8683715],[8.8794639,54.868933],[8.8778087,54.8689833],[8.866967,54.8722158],[8.866847,54.8721972],[8.8667859,54.8717827],[8.8608503,54.8733066],[8.8609905,54.8739076],[8.8607998,54.8739658],[8.8605189,54.8729198],[8.8562932,54.8740929],[8.8566013,54.873424],[8.8559442,54.8733738],[8.845638,54.8758667],[8.8440652,54.8781756],[8.840472,54.8775795],[8.8380374,54.8804352],[8.8377499,54.8805257],[8.8340954,54.8834524],[8.8299292,54.8856612],[8.8346371,54.8912343],[8.8368553,54.8907109],[8.8377095,54.8902619],[8.8386413,54.8894816],[8.8416239,54.8880524],[8.8466209,54.8869312],[8.8482372,54.8867406],[8.8486026,54.8883012],[8.8494517,54.8883568],[8.8494147,54.8888015],[8.8498514,54.8891902],[8.8498971,54.8894317],[8.8512221,54.8897912],[8.8559442,54.8893856],[8.8540921,54.8888852],[8.8538626,54.8883836],[8.8539673,54.8876711],[8.8530043,54.8868941],[8.8526493,54.8863526],[8.8526668,54.8862501],[8.859314,54.8858755],[8.8595717,54.8841424],[8.8597259,54.884095],[8.8570506,54.8790295],[8.8645254,54.8780999],[8.8667899,54.8820784],[8.8669591,54.8820467],[8.867455,54.8826995],[8.8692836,54.8826339],[8.8713021,54.8870348],[8.8714751,54.8870149],[8.8723591,54.8889563],[8.8712403,54.8891691],[8.8725483,54.8914236],[8.8729963,54.8919347],[8.8732168,54.8929746],[8.8728796,54.8935404],[8.8757059,54.8937284],[8.8787745,54.8946207],[8.8802461,54.8944233],[8.8802284,54.8963509],[8.8800913,54.8968198],[8.8792579,54.8975035],[8.8800352,54.9020826],[8.883125,54.9020985],[8.8835447,54.9014978],[8.8840335,54.9011731],[8.8837039,54.8992077],[8.8838963,54.897665],[8.8853104,54.8954966],[8.8968947,54.895985],[8.9107289,54.8963216],[8.9123301,54.8961175],[8.9131259,54.8961775],[8.9199359,54.8947976],[8.9258395,54.8942121],[8.9298923,54.8953527],[8.932327,54.8958202],[8.9330238,54.8955711],[8.9327982,54.8910357],[8.9332308,54.8882319],[8.933499,54.8882496],[8.9334992,54.88814],[8.9404056,54.8885969],[8.9402383,54.8880928],[8.9526934,54.8815222],[8.9529337,54.8816637],[8.9671101,54.8743707]]]}},{"type":"Feature","properties":{"fid":119,"assigned":false,"name":"Südermarsch","osm":"relation/1405170","km2":30.1},"geometry":{"type":"Polygon","coordinates":[[[9.0173904,54.42815],[9.0186301,54.4281295],[9.0195714,54.4283359],[9.0198277,54.4288236],[9.0205568,54.4291963],[9.0242466,54.4299289],[9.0290853,54.4320495],[9.0317588,54.4333989],[9.0325763,54.4336431],[9.0338877,54.4337008],[9.0375439,54.4332039],[9.0376239,54.4333448],[9.0406258,54.4333492],[9.0427105,54.4335763],[9.0431123,54.433843],[9.0441169,54.435126],[9.0450644,54.435591],[9.0473594,54.4337439],[9.0489732,54.4331884],[9.0530984,54.4308924],[9.0525953,54.4300909],[9.0550721,54.429046],[9.0555782,54.4284019],[9.0557904,54.4277951],[9.0566454,54.4284213],[9.0632933,54.4257017],[9.0660283,54.4151385],[9.0674641,54.4160399],[9.0676192,54.415953],[9.0674301,54.4158245],[9.0678902,54.415402],[9.0693295,54.4146866],[9.0743183,54.4135576],[9.0822442,54.4179784],[9.0928835,54.4136518],[9.0988318,54.4166198],[9.102581,54.4173709],[9.1060192,54.4149789],[9.1106916,54.4110997],[9.1109012,54.4101948],[9.1105487,54.4099907],[9.1106529,54.4097325],[9.1103897,54.4090595],[9.1219964,54.4112252],[9.121932,54.4123876],[9.1413629,54.417587],[9.1400206,54.4206487],[9.1363242,54.4198011],[9.1347868,54.420204],[9.1339689,54.4206116],[9.1334725,54.4206249],[9.1327696,54.4203525],[9.1322708,54.4206287],[9.1318399,54.4215179],[9.1304519,54.4224474],[9.1302288,54.4228826],[9.1303274,54.4233833],[9.1339675,54.4278293],[9.131372,54.4291843],[9.1298872,54.4302876],[9.1276873,54.4331566],[9.1266767,54.4341133],[9.1257155,54.4355087],[9.1231106,54.4372788],[9.1228898,54.4377323],[9.1219182,54.4385633],[9.1190322,54.4403872],[9.1168588,54.4435075],[9.1159696,54.4457533],[9.1154635,54.4466232],[9.1138939,54.4476717],[9.1129571,54.4480362],[9.1098067,54.4486899],[9.1092682,54.4489334],[9.1082809,54.4498843],[9.1080815,54.4507135],[9.106805,54.4517455],[9.1030554,54.4533805],[9.102108,54.4540878],[9.1008714,54.4545052],[9.0989168,54.454969],[9.0973112,54.4551081],[9.0943221,54.4559911],[9.0911751,54.4572589],[9.088101,54.4576153],[9.0850322,54.4583449],[9.0822603,54.4593957],[9.0788694,54.4603497],[9.0760233,54.4613956],[9.0744749,54.4616916],[9.0703501,54.4629757],[9.0655424,54.4636034],[9.0618451,54.4644101],[9.0605802,54.4644198],[9.057817,54.4648818],[9.0547962,54.4661871],[9.0525247,54.4677274],[9.0522498,54.4686629],[9.0508952,54.4698448],[9.046776,54.4690177],[9.0436097,54.4710409],[9.041213,54.4706617],[9.0394159,54.4698272],[9.0384136,54.4690852],[9.0394942,54.4686487],[9.0410676,54.4683977],[9.0422274,54.4678498],[9.0435402,54.4665583],[9.0422093,54.4657249],[9.0423197,54.4649732],[9.0422083,54.4647135],[9.040109,54.4635543],[9.0398551,54.4639348],[9.0349278,54.466904],[9.0332768,54.4661267],[9.0320214,54.4651852],[9.0316919,54.4652419],[9.0309952,54.4647246],[9.029772,54.4641742],[9.0278601,54.4646387],[9.0286303,54.4674867],[9.0291951,54.4686276],[9.0284468,54.4688967],[9.0282446,54.4686334],[9.0278135,54.4673416],[9.0274467,54.4654627],[9.026485,54.4639813],[9.0266028,54.4635456],[9.026428,54.4629578],[9.0249498,54.4595119],[9.0240678,54.4583239],[9.0203618,54.4546892],[9.0183665,54.4521078],[9.0192912,54.4503788],[9.0183921,54.4494896],[9.0196451,54.448954],[9.0198482,54.4482604],[9.0213148,54.4467751],[9.0217038,54.446848],[9.0230453,54.4447517],[9.0213705,54.4436217],[9.0180947,54.4418285],[9.0176622,54.4418094],[9.017248,54.4414098],[9.014426,54.4397254],[9.0139369,54.4391968],[9.0138937,54.4387507],[9.0141338,54.4383799],[9.0146569,54.4380215],[9.0128432,54.4372908],[9.0120651,54.4364889],[9.009758,54.435985],[9.0099786,54.4357323],[9.0090702,54.4355214],[9.0093685,54.4343329],[9.009963,54.4333726],[9.0113038,54.4323339],[9.0141573,54.4308046],[9.0160063,54.4294556],[9.0173904,54.42815]]]}},{"type":"Feature","properties":{"fid":120,"assigned":false,"name":"Tating","osm":"relation/1395342","km2":29.4},"geometry":{"type":"MultiPolygon","coordinates":[[[[8.7064069,54.2890869],[8.7064052,54.2896555],[8.7067768,54.2901349],[8.7067792,54.2905324],[8.7056333,54.2908786],[8.7052833,54.2912135],[8.7062623,54.2919126],[8.7060912,54.2922132],[8.7056749,54.2924413],[8.7056583,54.2926209],[8.7060581,54.2929786],[8.7065329,54.2931034],[8.7052072,54.2952355],[8.7046629,54.2952836],[8.7044543,54.2950445],[8.6972362,54.2956101],[8.6975503,54.2963521],[8.6972557,54.2963553],[8.697215,54.2967546],[8.6968742,54.2968636],[8.6966325,54.2972444],[8.6966949,54.2973847],[8.6921835,54.2981725],[8.6923501,54.2985086],[8.6940787,54.2989956],[8.6942138,54.2992284],[8.6910665,54.2996952],[8.6911781,54.299787],[8.6907309,54.2998881],[8.6893631,54.3007213],[8.6879661,54.3011738],[8.6863248,54.3020026],[8.685674,54.3029442],[8.6851343,54.3043713],[8.6851024,54.3047471],[8.6853907,54.3055717],[8.6844791,54.3068629],[8.6844267,54.3074912],[8.684553,54.3074897],[8.6846548,54.3083444],[8.6849735,54.3084665],[8.6852391,54.308894],[8.6850635,54.3089697],[8.6835375,54.3085975],[8.6813908,54.3086336],[8.6814909,54.3090894],[8.6800906,54.3094914],[8.6796443,54.3099773],[8.6789046,54.3099834],[8.6773875,54.3106543],[8.6769728,54.3119133],[8.6764055,54.3117483],[8.675819,54.3120944],[8.6745808,54.3122483],[8.6743491,54.3124085],[8.671785,54.3121251],[8.6715427,54.3123578],[8.6706021,54.3125005],[8.6702178,54.3127412],[8.6679745,54.3125922],[8.6670792,54.3129735],[8.6653602,54.3133822],[8.6647594,54.3137643],[8.6638459,54.3139334],[8.6642718,54.3141892],[8.6675667,54.3177301],[8.6668965,54.3180179],[8.6670101,54.3188436],[8.6660333,54.319098],[8.6652285,54.3195875],[8.6644802,54.3197491],[8.6634333,54.3206888],[8.6627692,54.3204408],[8.662041,54.3204006],[8.6602979,54.3208267],[8.658348,54.322283],[8.6586054,54.3229413],[8.6586081,54.323546],[8.6579146,54.3239663],[8.6578483,54.3241817],[8.6570733,54.3242137],[8.6565415,54.3240316],[8.6560569,54.3237211],[8.65548,54.3228543],[8.6534457,54.3226024],[8.652764,54.3227038],[8.6528924,54.3233402],[8.6527954,54.3255009],[8.6520676,54.3259933],[8.6518003,54.3267899],[8.6523974,54.3275827],[8.654461,54.3280431],[8.6535492,54.3301155],[8.6524864,54.3315778],[8.6535585,54.3320513],[8.6537008,54.3323275],[8.6532721,54.3323693],[8.6532802,54.3325067],[8.6546531,54.3344049],[8.6552178,54.334495],[8.654939,54.3358545],[8.6603016,54.3362561],[8.6666924,54.3391357],[8.6677415,54.3398516],[8.6725287,54.3406717],[8.6734027,54.340667],[8.6738959,54.3404618],[8.6763772,54.3389344],[8.6802289,54.3387144],[8.6916204,54.3396352],[8.6970531,54.3407098],[8.6971713,54.3407574],[8.6967527,54.3415057],[8.6966478,54.3420973],[8.6971028,54.3428955],[8.6970826,54.3433482],[8.6961537,54.3458766],[8.696199,54.3461921],[8.6964492,54.3464622],[8.6969148,54.3467239],[8.6990308,54.3471541],[8.7024786,54.3475713],[8.7069598,54.3475439],[8.7115991,54.3517826],[8.711958,54.3524519],[8.7126852,54.352777],[8.7136347,54.3537881],[8.7143719,54.3535226],[8.7136844,54.3528811],[8.7169098,54.3519195],[8.7182124,54.351314],[8.7202323,54.3512005],[8.7220027,54.3513717],[8.7238402,54.3520106],[8.7254843,54.3529215],[8.72723,54.3547583],[8.7345127,54.3529816],[8.7309022,54.3506641],[8.7326588,54.3501579],[8.7334077,54.3513395],[8.7338337,54.3517321],[8.7342725,54.3520701],[8.7354919,54.3525413],[8.7387452,54.3517652],[8.7382045,54.350835],[8.7385322,54.3507711],[8.738371,54.3503389],[8.739412,54.3501411],[8.7410237,54.351327],[8.7434517,54.3501709],[8.7432603,54.3498647],[8.74369,54.3494855],[8.7448865,54.349187],[8.7453751,54.349541],[8.7457887,54.3493825],[8.7468884,54.3484964],[8.7473793,54.3476501],[8.7480706,54.344723],[8.7479315,54.3440406],[8.7486215,54.3427167],[8.7489951,54.3410868],[8.7526808,54.3425622],[8.7490184,54.3410452],[8.7483434,54.3406047],[8.7500223,54.3381148],[8.7496586,54.338122],[8.7494671,54.3379273],[8.7500576,54.3375297],[8.7490573,54.3362092],[8.7478391,54.3352207],[8.7502999,54.3347266],[8.7490891,54.3330407],[8.7488897,54.3321827],[8.7485373,54.3320122],[8.7473636,54.3320619],[8.7470486,54.3319309],[8.7468437,54.331653],[8.7467774,54.3310904],[8.7470053,54.3306535],[8.746971,54.3300707],[8.7466599,54.3297711],[8.7460953,54.3296113],[8.7444579,54.32977],[8.7440565,54.3294951],[8.7441728,54.3288413],[8.7446819,54.3283666],[8.7449901,54.3277758],[8.744674,54.327135],[8.7447252,54.3266448],[8.7452382,54.3263087],[8.7470125,54.3264025],[8.7473596,54.3258089],[8.7472515,54.3235402],[8.7454314,54.3204261],[8.7450826,54.3194617],[8.7450824,54.3192594],[8.7459285,54.3182181],[8.7445975,54.3178271],[8.7453875,54.3168566],[8.7432952,54.3164074],[8.7427461,54.3154218],[8.7440737,54.3156457],[8.7444585,54.3154674],[8.7450486,54.3134682],[8.7434621,54.3128346],[8.742377,54.3121296],[8.7419662,54.3112526],[8.7395847,54.3095841],[8.7431175,54.3090559],[8.7419146,54.307274],[8.7406947,54.3072935],[8.7362142,54.3066935],[8.7352584,54.3067074],[8.7344006,54.3064723],[8.7353107,54.3055352],[8.7354257,54.3051834],[8.735721,54.3050164],[8.7413104,54.29786],[8.7403264,54.2971529],[8.7405696,54.2967939],[8.7412876,54.2967725],[8.7400452,54.2938922],[8.739875,54.2940232],[8.7387361,54.294109],[8.7377356,54.2934343],[8.7336973,54.292681],[8.7305159,54.2913498],[8.7271246,54.290412],[8.7259812,54.2896995],[8.7252306,54.2894282],[8.7249228,54.2896823],[8.7245871,54.2895661],[8.7249241,54.2893287],[8.7245626,54.2891835],[8.7210418,54.2890586],[8.7205391,54.2891891],[8.7200496,54.2889679],[8.7151592,54.2887254],[8.7102675,54.2895923],[8.7079112,54.2883496],[8.7069985,54.2882898],[8.7062569,54.2885412],[8.7058951,54.2883148],[8.7058573,54.2884967],[8.7064069,54.2890869]]],[[[8.6463995,54.3451414],[8.6470338,54.3456651],[8.6476553,54.3458994],[8.6480323,54.3462868],[8.6495082,54.3465275],[8.6517967,54.3474994],[8.6522143,54.3480308],[8.6519361,54.3481116],[8.6525153,54.348643],[8.6536944,54.3489745],[8.6550982,54.3490325],[8.6570867,54.3486219],[8.657798,54.3488469],[8.6581441,54.3477372],[8.6584985,54.3472919],[8.659046,54.3470112],[8.6527439,54.3428867],[8.6473854,54.3435486],[8.6467958,54.3442565],[8.6463995,54.3451414]]],[[[8.6921377,54.3685204],[8.6927311,54.3678371],[8.6927731,54.3666757],[8.6907496,54.3671805],[8.6899804,54.3676371],[8.6906512,54.3681688],[8.6921377,54.3685204]]]]}},{"type":"Feature","properties":{"fid":121,"assigned":false,"name":"Tetenbüll","osm":"relation/1397063","km2":36.3},"geometry":{"type":"Polygon","coordinates":[[[8.8024544,54.4100696],[8.8025245,54.409763],[8.8042569,54.4099522],[8.8043152,54.4102264],[8.8114483,54.4108152],[8.8114534,54.4094425],[8.8116607,54.409393],[8.8116827,54.4091943],[8.8138441,54.4086743],[8.8166362,54.4082819],[8.8263448,54.4086501],[8.82765,54.4084459],[8.8297233,54.4086203],[8.8318449,54.4085256],[8.8335478,54.4081925],[8.8527581,54.402694],[8.8541582,54.402463],[8.8557559,54.4025242],[8.86986,54.4046566],[8.8726869,54.4053372],[8.8774548,54.3982481],[8.8781972,54.3982037],[8.8794854,54.3976988],[8.88496,54.3952194],[8.8901401,54.3931222],[8.8981657,54.3902408],[8.9019705,54.3891302],[8.9039023,54.3923952],[8.9041693,54.3932928],[8.9046903,54.3932293],[8.9043544,54.3922342],[8.9034824,54.390534],[8.9026535,54.389335],[8.9025733,54.3889512],[8.9018256,54.3890441],[8.90163,54.3888156],[8.9020597,54.3886702],[8.9020947,54.3883189],[8.901645,54.3868818],[8.8999279,54.3872801],[8.897863,54.388045],[8.8957535,54.3889443],[8.8939645,54.3901481],[8.8927104,54.3905185],[8.8936736,54.3914177],[8.8932711,54.3914728],[8.8931221,54.3917079],[8.8908006,54.3925118],[8.8897426,54.3916278],[8.8891262,54.3918738],[8.887844,54.3900298],[8.8878316,54.3895977],[8.8869372,54.3881764],[8.8776387,54.3741838],[8.8796806,54.3737498],[8.8819898,54.3736613],[8.8878718,54.3744556],[8.8921774,54.3739893],[8.8946688,54.3735891],[8.8981355,54.3728986],[8.8988678,54.3725574],[8.8999899,54.3725285],[8.9018295,54.3721436],[8.9008387,54.3722177],[8.9000689,54.3724681],[8.8987956,54.3725153],[8.8981814,54.3728276],[8.8945733,54.3735453],[8.8883192,54.3743748],[8.8875337,54.3744093],[8.8843135,54.3738459],[8.8820156,54.3736207],[8.8795513,54.3737214],[8.8776051,54.3741449],[8.8766077,54.3724621],[8.886484,54.3709443],[8.8896249,54.3706406],[8.8895065,54.3704881],[8.8852586,54.3710667],[8.8860576,54.370786],[8.885086,54.3698741],[8.8839497,54.3700897],[8.884816,54.3708543],[8.8840926,54.3710069],[8.8841387,54.3711974],[8.8818566,54.3715417],[8.8809893,54.3707396],[8.8821044,54.370344],[8.8796712,54.3691261],[8.8772002,54.3685213],[8.8794511,54.367558],[8.879209,54.3674252],[8.8793776,54.3673345],[8.8803118,54.3675768],[8.881151,54.3681911],[8.8817511,54.3684177],[8.8821758,54.3684081],[8.8832411,54.3680712],[8.8845822,54.3680078],[8.8860874,54.3688109],[8.8857737,54.3689607],[8.8869204,54.3695708],[8.8859073,54.368968],[8.8861853,54.3688145],[8.8846704,54.3679821],[8.8831597,54.3680387],[8.881802,54.3683819],[8.8812873,54.3682097],[8.8803288,54.3675318],[8.8794921,54.3673363],[8.8808351,54.3663425],[8.8831238,54.3655771],[8.8818622,54.3640363],[8.8793243,54.3655162],[8.8785963,54.3645797],[8.8783523,54.3640413],[8.8782668,54.3626983],[8.8776645,54.3619916],[8.8793099,54.358508],[8.8796877,54.3584859],[8.879962,54.3581625],[8.8792316,54.3570668],[8.880518,54.3563395],[8.8804994,54.3561697],[8.8821434,54.3552985],[8.8830513,54.3545222],[8.8837448,54.3541948],[8.8839503,54.3542972],[8.8864746,54.3527984],[8.8848894,54.3520334],[8.8854029,54.351623],[8.8851507,54.3515089],[8.8854594,54.3512846],[8.8851229,54.3511321],[8.8852344,54.3509799],[8.8750678,54.3476243],[8.8750701,54.3473784],[8.8615726,54.3478348],[8.8504164,54.3458457],[8.8497974,54.3460288],[8.8489418,54.3459634],[8.848067,54.3454785],[8.8473172,54.345329],[8.8429066,54.3445816],[8.8422652,54.3447511],[8.841245,54.3444604],[8.8411974,54.3442915],[8.8322789,54.3427741],[8.8317534,54.3430773],[8.8311204,54.3430281],[8.8307577,54.3438899],[8.8279387,54.3435786],[8.828293,54.3429028],[8.8275567,54.3427536],[8.8274151,54.3432647],[8.8264047,54.344079],[8.8258186,54.3459026],[8.8159186,54.3458347],[8.8157361,54.3453701],[8.8154221,54.3452924],[8.8145885,54.3455011],[8.814116,54.3457915],[8.8115357,54.3457607],[8.8091641,54.345602],[8.8080144,54.3452767],[8.8069612,54.3455394],[8.8050299,54.3454479],[8.8049091,54.3452321],[8.8045311,54.345342],[8.8029159,54.3449306],[8.7979246,54.3446064],[8.7970729,54.3448695],[8.7964167,54.3447277],[8.7959426,54.344803],[8.7957803,54.3452095],[8.79403,54.3466108],[8.7923944,54.3469354],[8.7927857,54.3478414],[8.792372,54.3480998],[8.7884193,54.3497237],[8.7882434,54.3495713],[8.787619,54.3497264],[8.7857611,54.3492962],[8.7847868,54.351477],[8.7841591,54.3524919],[8.7839284,54.3534086],[8.7832378,54.3541777],[8.7831203,54.3545778],[8.783759,54.3559876],[8.7844996,54.3561551],[8.7848594,54.3564719],[8.7855605,54.3580444],[8.7860259,54.3586185],[8.7859117,54.3608328],[8.786675,54.360979],[8.7860863,54.3609891],[8.7860554,54.3612182],[8.7862732,54.361278],[8.7848918,54.3628747],[8.7836722,54.3640412],[8.7832397,54.3639478],[8.7827607,54.3641125],[8.7827678,54.3645213],[8.7842609,54.3639627],[8.7873044,54.3638715],[8.788107,54.3638663],[8.7890408,54.3642561],[8.795443,54.3642323],[8.7955158,54.3637271],[8.7959014,54.3637234],[8.7956301,54.3656507],[8.7956623,54.3662669],[8.7959272,54.3662662],[8.795941,54.366674],[8.7956387,54.3680794],[8.7955806,54.3716989],[8.7956594,54.3731831],[8.7960869,54.3740429],[8.7926564,54.374016],[8.7943835,54.3744988],[8.7960711,54.3766464],[8.797405,54.3771352],[8.7972693,54.377497],[8.7970521,54.3775103],[8.7972622,54.3780175],[8.7979822,54.3785882],[8.7977653,54.3786767],[8.7982545,54.3792797],[8.798297,54.3796189],[8.7989244,54.3800573],[8.7987327,54.3803268],[8.7992368,54.3806561],[8.7996296,54.3804351],[8.8029203,54.3824366],[8.8028021,54.3835695],[8.8029057,54.3835787],[8.8020469,54.384924],[8.8017168,54.3859042],[8.8022004,54.386137],[8.8023075,54.3864673],[8.8039926,54.3880502],[8.8063605,54.389325],[8.8073428,54.3890668],[8.8075894,54.3898761],[8.8084978,54.3903965],[8.8083654,54.3907072],[8.8085174,54.3918547],[8.8088058,54.3924969],[8.8082426,54.3925402],[8.8074195,54.3929551],[8.808109,54.3923259],[8.8080192,54.3922351],[8.8071639,54.393001],[8.8000279,54.3964324],[8.8003203,54.3966961],[8.8017796,54.3971918],[8.801725,54.3981963],[8.8015769,54.3982733],[8.8017205,54.3982785],[8.8014741,54.4020878],[8.8013618,54.4020862],[8.8014719,54.402132],[8.8014367,54.4033085],[8.8012949,54.4034464],[8.8014097,54.4034519],[8.8015212,54.4050782],[8.8014208,54.4080203],[8.8006993,54.4084581],[8.8015045,54.4085796],[8.8015253,54.4099898],[8.8024544,54.4100696]],[[8.8322249,54.3429531],[8.8324087,54.3429223],[8.8328154,54.3429656],[8.840793,54.3443357],[8.8322249,54.3429531]],[[8.8709917,54.3707507],[8.8706854,54.3706885],[8.8733918,54.3695625],[8.8734757,54.3696389],[8.8709917,54.3707507]],[[8.8069504,54.3711313],[8.8060464,54.3717044],[8.8057778,54.3715928],[8.8071727,54.3708407],[8.8075751,54.3707704],[8.8076598,54.3709224],[8.8069504,54.3711313]],[[8.8694277,54.3731158],[8.8694792,54.3722337],[8.8720146,54.3718588],[8.8708761,54.3708508],[8.8735207,54.3696789],[8.8754087,54.3713707],[8.8781617,54.3709516],[8.8786697,54.3717269],[8.8758454,54.3722943],[8.8694277,54.3731158]],[[8.8703159,54.3786715],[8.8713504,54.3784375],[8.8704421,54.3770495],[8.8695016,54.3774319],[8.8694357,54.3773318],[8.8717932,54.3763685],[8.8735009,54.378952],[8.8708035,54.3794203],[8.8703159,54.3786715]],[[8.8820893,54.3810115],[8.8742578,54.3823415],[8.8705258,54.3816018],[8.8699549,54.3816942],[8.8685035,54.3813161],[8.880925,54.3792277],[8.8820893,54.3810115]],[[8.8694445,54.3929853],[8.8717914,54.3919953],[8.8729035,54.3929249],[8.8705332,54.3939018],[8.8694445,54.3929853]],[[8.8699595,54.3986922],[8.8679966,54.3985717],[8.867775,54.3983353],[8.872088,54.3980038],[8.869703,54.3955395],[8.871143,54.3949413],[8.8739904,54.3978309],[8.8753342,54.3977298],[8.8754294,54.3978571],[8.8759463,54.3978116],[8.8760573,54.3980841],[8.8750256,54.3982005],[8.875036,54.3983255],[8.8719738,54.3986031],[8.8706741,54.3986538],[8.8706288,54.3984279],[8.8699266,54.3984855],[8.8699595,54.3986922]],[[8.8808148,54.3662974],[8.8803093,54.3665883],[8.879362,54.365619],[8.8818923,54.3641067],[8.8829091,54.3655483],[8.8808148,54.3662974]],[[8.8793269,54.3675418],[8.8770353,54.3685365],[8.8767281,54.3683119],[8.8791291,54.3673984],[8.8793269,54.3675418]],[[8.8802219,54.3717958],[8.8799082,54.3717416],[8.8801884,54.371697],[8.8802219,54.3717958]],[[8.8779323,54.3843409],[8.8761328,54.3828225],[8.8815817,54.3819499],[8.8812718,54.3816026],[8.8823812,54.3814266],[8.8832266,54.382754],[8.8782967,54.3844845],[8.8781242,54.3842872],[8.8779323,54.3843409]],[[8.8827005,54.3874983],[8.880027,54.3867613],[8.8796748,54.3864607],[8.8788203,54.3851214],[8.8835072,54.38317],[8.8855668,54.3862786],[8.8827005,54.3874983]],[[8.8858045,54.3879368],[8.884821,54.3877267],[8.8842094,54.3877439],[8.8861113,54.3871042],[8.8877369,54.3896662],[8.8873605,54.3897942],[8.8870018,54.3893977],[8.8866598,54.3885191],[8.886318,54.3881935],[8.8858045,54.3879368]],[[8.8959821,54.3894135],[8.8968468,54.3889844],[8.8976991,54.3899381],[8.8973459,54.3901695],[8.8959821,54.3894135]],[[8.8890695,54.3919087],[8.8795559,54.3960242],[8.8779903,54.3944395],[8.8756086,54.395216],[8.8741268,54.393717],[8.8788056,54.3917708],[8.8778895,54.3908664],[8.8784942,54.3906092],[8.8790203,54.3901214],[8.8796166,54.3889523],[8.8802119,54.3884447],[8.8799695,54.3882529],[8.8820913,54.3873535],[8.8830929,54.3877172],[8.8847856,54.3877758],[8.8859001,54.3880348],[8.8865777,54.3885399],[8.886917,54.3894146],[8.8872901,54.3898273],[8.887689,54.3897463],[8.8878543,54.3902141],[8.8890695,54.3919087]]]}},{"type":"Feature","properties":{"fid":122,"assigned":false,"name":"Tinningstedt","osm":"relation/1417216","km2":8.9},"geometry":{"type":"Polygon","coordinates":[[[8.9123997,54.8241285],[8.9129958,54.8226283],[8.912457,54.8220597],[8.9144371,54.8199968],[8.912798,54.8193867],[8.9126066,54.8182178],[8.9153378,54.80984],[8.9156071,54.8093986],[8.9154778,54.8093698],[8.9174453,54.8039148],[8.9161938,54.8035052],[8.9162252,54.8033208],[8.9183774,54.8032611],[8.9196082,54.8020767],[8.9200211,54.8024425],[8.9212084,54.8020205],[8.9209058,54.8017122],[8.9210765,54.8016432],[8.9207032,54.8012946],[8.9211762,54.8010736],[8.9209529,54.8008396],[8.926928,54.7951513],[8.9273101,54.7952077],[8.9336623,54.7936465],[8.9427759,54.7947867],[8.9664315,54.7991026],[8.9703541,54.8027931],[8.9608189,54.8117675],[8.9510545,54.8205076],[8.9356661,54.823427],[8.9220651,54.8258145],[8.9215259,54.8260686],[8.9189431,54.8263493],[8.9145993,54.8243385],[8.9137284,54.8241402],[8.9123997,54.8241285]]]}},{"type":"Feature","properties":{"fid":123,"assigned":false,"name":"Tönning","osm":"relation/1106363","km2":44.3},"geometry":{"type":"Polygon","coordinates":[[[8.8302222,54.3020003],[8.8304871,54.3018638],[8.8303244,54.3021535],[8.8317005,54.3041219],[8.8314161,54.304207],[8.8398051,54.3160391],[8.840588,54.316078],[8.8411344,54.3169296],[8.8407189,54.3170048],[8.8544564,54.3361097],[8.8559279,54.3378363],[8.855787,54.3380621],[8.8690674,54.3382468],[8.87592,54.3375021],[8.8763474,54.3360767],[8.8729259,54.3349789],[8.8728711,54.3326321],[8.8776155,54.3336777],[8.8782566,54.3321217],[8.8799414,54.3320871],[8.8818618,54.3285384],[8.882805,54.3285237],[8.8825851,54.3271421],[8.8828658,54.3240383],[8.8857351,54.3235005],[8.8859791,54.3220312],[8.8857876,54.3234124],[8.9086815,54.3190256],[8.9087234,54.3191374],[8.9103843,54.3188717],[8.9106518,54.3197536],[8.9134612,54.3179803],[8.9137469,54.3186273],[8.9154378,54.3184635],[8.9162974,54.321318],[8.9174871,54.3213989],[8.9174727,54.3219304],[8.9181921,54.3246896],[8.9207811,54.3246602],[8.92114,54.3254135],[8.9194872,54.3263034],[8.9205592,54.3303928],[8.9227697,54.3312991],[8.915981,54.335637],[8.9170459,54.3361135],[8.9157784,54.3356805],[8.9187983,54.3370238],[8.9191818,54.3369332],[8.9208865,54.3377221],[8.9206677,54.3378547],[8.9236709,54.3392599],[8.9249219,54.3401551],[8.9251447,54.3401582],[8.9258054,54.3408873],[8.9262073,54.3408932],[8.9261792,54.3405246],[8.9354398,54.3403302],[8.9354113,54.3364085],[8.9379241,54.3361272],[8.9450715,54.3358192],[8.9451229,54.3356854],[8.9479549,54.3356793],[8.9485515,54.3358974],[8.9471472,54.3387705],[8.9458898,54.3385612],[8.9444292,54.3413291],[8.9460637,54.3417942],[8.9463964,54.3413341],[8.9465583,54.341317],[8.949407,54.3419824],[8.9523615,54.3429796],[8.9530865,54.3418864],[8.9559855,54.3400773],[8.9586702,54.3388443],[8.9605448,54.3374727],[8.9595715,54.336584],[8.9597244,54.3365077],[8.954022,54.3313833],[8.9524543,54.3286333],[8.9528441,54.3286261],[8.9539455,54.3307945],[8.9545656,54.3315108],[8.9559191,54.3327614],[8.9565784,54.3325905],[8.9557282,54.3303244],[8.9543775,54.329414],[8.9543541,54.3281114],[8.9653002,54.3248162],[8.9575738,54.3212382],[8.9539309,54.3198261],[8.9552781,54.31827],[8.9590342,54.3153737],[8.9592995,54.3149802],[8.9565063,54.3142373],[8.9503693,54.3131572],[8.9457857,54.3118477],[8.9429376,54.3100524],[8.9380914,54.3064641],[8.9349913,54.3038296],[8.9341307,54.302999],[8.9292054,54.2970435],[8.9283499,54.2962003],[8.9270262,54.2952292],[8.9241346,54.2937876],[8.9221522,54.2930597],[8.9102597,54.289428],[8.907254,54.2882871],[8.9046489,54.2868658],[8.902643,54.2851044],[8.9011384,54.2831795],[8.9004433,54.2811356],[8.9003664,54.27904],[8.9020707,54.2659089],[8.9017493,54.2644591],[8.900468,54.2632041],[8.8984385,54.2623516],[8.8959975,54.2620431],[8.8788027,54.2620471],[8.8537325,54.2659828],[8.8499198,54.2660619],[8.8498409,54.2658231],[8.8478038,54.2657352],[8.8469046,54.2659937],[8.8449801,54.2659919],[8.8441412,54.2657055],[8.8417718,54.2660203],[8.8416473,54.265887],[8.8410531,54.2664772],[8.8413545,54.2669562],[8.8424576,54.2672982],[8.8443202,54.2673238],[8.8445981,54.2675375],[8.8445481,54.2706187],[8.8439211,54.2741556],[8.8431932,54.2763559],[8.8418586,54.2788989],[8.8407502,54.2805484],[8.839118,54.2825588],[8.8372201,54.28449],[8.8341614,54.2869972],[8.8306802,54.2894064],[8.8296527,54.2899942],[8.8278929,54.2906828],[8.8262045,54.2910946],[8.8225604,54.291516],[8.8227165,54.2919422],[8.8240621,54.2937739],[8.8236172,54.2939924],[8.8248455,54.2952468],[8.8291683,54.3012047],[8.8298299,54.3019826],[8.8300975,54.3018429],[8.8302222,54.3020003]]]}},{"type":"Feature","properties":{"fid":124,"assigned":false,"name":"Tümlauer Koog","osm":"relation/1395344","km2":6.2},"geometry":{"type":"Polygon","coordinates":[[[8.7126852,54.352777],[8.7145451,54.3546779],[8.7135016,54.355012],[8.7121325,54.3558404],[8.7102678,54.3581921],[8.7056268,54.3647527],[8.7047204,54.3650527],[8.6953845,54.3663411],[8.6940141,54.3669],[8.6927311,54.3678371],[8.6927731,54.3666757],[8.6924642,54.3667361],[8.6926928,54.3578689],[8.6924625,54.3570424],[8.6920681,54.3564698],[8.6908935,54.3554567],[8.6899627,54.354972],[8.6886355,54.3545772],[8.6612216,54.3481925],[8.6598215,54.347517],[8.646887,54.3390604],[8.6458044,54.3386017],[8.643726,54.33826],[8.6437548,54.3380786],[8.6450016,54.3378128],[8.646719,54.3371878],[8.6493191,54.3367593],[8.6507375,54.3362917],[8.6515958,54.3357039],[8.6520194,54.3356716],[8.6603016,54.3362561],[8.6666924,54.3391357],[8.6677415,54.3398516],[8.6725287,54.3406717],[8.6734027,54.340667],[8.6738959,54.3404618],[8.6763772,54.3389344],[8.6802289,54.3387144],[8.6916204,54.3396352],[8.6967868,54.3406443],[8.6971713,54.3407574],[8.6967527,54.3415057],[8.6966478,54.3420973],[8.6971243,54.343103],[8.6961537,54.3458766],[8.696199,54.3461921],[8.6964492,54.3464622],[8.6969148,54.3467239],[8.6990308,54.3471541],[8.7024786,54.3475713],[8.7069598,54.3475439],[8.7115991,54.3517826],[8.711958,54.3524519],[8.7126852,54.352777]]]}},{"type":"Feature","properties":{"fid":125,"assigned":false,"name":"Uelvesbüll","osm":"relation/1402821","km2":10.2},"geometry":{"type":"Polygon","coordinates":[[[8.9116021,54.4168861],[8.91264,54.4164409],[8.9121017,54.4163866],[8.9120216,54.4158138],[8.9133388,54.4157167],[8.9153106,54.4151761],[8.913593,54.4133089],[8.9135549,54.4093994],[8.9149232,54.4087585],[8.91527,54.4088846],[8.9162015,54.408678],[8.9165826,54.4074419],[8.9164502,54.4032509],[8.916648,54.4028647],[8.9165448,54.402072],[8.9168376,54.3995431],[8.9167536,54.3976047],[8.9166677,54.3972067],[8.9147649,54.3974215],[8.9148012,54.3970178],[8.9143955,54.3967113],[8.9149036,54.3964012],[8.9165895,54.3947966],[8.9219374,54.3910851],[8.9227948,54.3913493],[8.9238579,54.3913636],[8.9243207,54.3915607],[8.9248439,54.3920267],[8.9250807,54.3925215],[8.9271301,54.3936338],[8.9340007,54.3981775],[8.9401438,54.4002135],[8.940079,54.4003369],[8.9426344,54.4010007],[8.9480358,54.4029557],[8.9518828,54.4040873],[8.9700079,54.4109396],[8.9746704,54.412848],[8.9743462,54.4132231],[8.9692235,54.4170061],[8.9658573,54.4193338],[8.9655962,54.4197172],[8.9658085,54.4203037],[8.9653339,54.4203221],[8.9650887,54.4205483],[8.9648982,54.4212709],[8.9619002,54.4210247],[8.9608669,54.4207087],[8.9578095,54.4299776],[8.9560139,54.4301077],[8.9454306,54.428989],[8.9340137,54.4282926],[8.9329248,54.4318116],[8.9332788,54.4322404],[8.9326315,54.4326875],[8.9122304,54.4172279],[8.9116021,54.4168861]]]}},{"type":"Feature","properties":{"fid":126,"assigned":false,"name":"Viöl","osm":"relation/1406978","km2":18.9},"geometry":{"type":"Polygon","coordinates":[[[9.1445141,54.5884302],[9.1443734,54.5880288],[9.142744,54.5865493],[9.14267,54.5861694],[9.1450277,54.5837105],[9.1446748,54.5823418],[9.1440927,54.5817334],[9.144084,54.5813297],[9.1457732,54.5803555],[9.1459926,54.5799535],[9.1446812,54.5796701],[9.144395,54.579329],[9.1439487,54.5781959],[9.1419814,54.576362],[9.1407529,54.5748309],[9.1386091,54.5750495],[9.114337,54.5719002],[9.1154479,54.5662038],[9.1106379,54.562937],[9.1042703,54.5582129],[9.0954345,54.5522952],[9.0935826,54.5519657],[9.0994874,54.5490708],[9.1054302,54.5483418],[9.1221108,54.5507002],[9.1232021,54.5511638],[9.1256773,54.5531504],[9.1263507,54.5534884],[9.132842,54.553997],[9.1333741,54.5541302],[9.1345509,54.5547874],[9.1360758,54.5541559],[9.1400319,54.5512676],[9.1412344,54.5508763],[9.1423389,54.5507331],[9.1431515,54.5502021],[9.1443737,54.5497066],[9.144654,54.5492915],[9.1442506,54.5485514],[9.1444144,54.5481254],[9.1456249,54.5478095],[9.1468517,54.5477757],[9.1480321,54.547281],[9.1490132,54.5472241],[9.1504769,54.5475665],[9.1515126,54.5480298],[9.1530159,54.5482614],[9.1558392,54.5493473],[9.1569716,54.5496324],[9.1583271,54.5496773],[9.1607275,54.5494073],[9.1625876,54.5485163],[9.1627029,54.5468506],[9.163021,54.5452826],[9.1635812,54.5447311],[9.1641915,54.5435948],[9.1652111,54.5431551],[9.165532,54.5431893],[9.1725289,54.5461428],[9.1817017,54.5605089],[9.1834309,54.5596933],[9.1874585,54.5592182],[9.192679,54.5581883],[9.1929616,54.5600577],[9.2065845,54.5846561],[9.206881,54.5867188],[9.2071831,54.5872503],[9.2047747,54.5869869],[9.204667,54.5864786],[9.2043632,54.5863506],[9.2000352,54.5857435],[9.196591,54.586114],[9.1942728,54.58586],[9.1916246,54.5841673],[9.1876016,54.5844495],[9.1855923,54.5837411],[9.184408,54.5835022],[9.1820254,54.582301],[9.1774074,54.5816503],[9.1764787,54.5811504],[9.1755672,54.5810026],[9.1740643,54.580401],[9.1717607,54.5802157],[9.1712674,54.5802388],[9.170497,54.5805445],[9.1653339,54.5829505],[9.1605669,54.5836505],[9.1583321,54.5852535],[9.1560388,54.5866004],[9.1553211,54.5873982],[9.154932,54.5875963],[9.1495523,54.5884673],[9.1445141,54.5884302]]]}},{"type":"Feature","properties":{"fid":127,"assigned":false,"name":"Vollerwiek","osm":"relation/1107719","km2":4.6},"geometry":{"type":"Polygon","coordinates":[[[8.7705819,54.2917076],[8.7698892,54.2900831],[8.7701092,54.289881],[8.7686954,54.2891435],[8.7688801,54.2886571],[8.7696073,54.2834512],[8.7700386,54.2827524],[8.7710021,54.2820849],[8.7729452,54.2816561],[8.7804877,54.2817237],[8.7809425,54.2809695],[8.7815887,54.2808446],[8.7912774,54.2818889],[8.8199372,54.2912073],[8.8215661,54.2915665],[8.8225604,54.291516],[8.8227165,54.2919422],[8.8240621,54.2937739],[8.8236172,54.2939924],[8.8248455,54.2952468],[8.8291683,54.3012047],[8.8298299,54.3019826],[8.8300975,54.3018429],[8.8302222,54.3020003],[8.8296708,54.3022839],[8.8293674,54.3022331],[8.8134165,54.2954928],[8.8117537,54.2980169],[8.8095169,54.2972333],[8.8099663,54.2964324],[8.8057361,54.2963642],[8.8054228,54.297171],[8.8017461,54.2970589],[8.801621,54.2976408],[8.7980374,54.2975278],[8.7979547,54.2948605],[8.7938612,54.2950094],[8.7939085,54.2955945],[8.7935173,54.2956509],[8.7935407,54.2977398],[8.7937525,54.2980191],[8.7941811,54.2980992],[8.7942382,54.2985205],[8.7905735,54.2980785],[8.7886612,54.2972671],[8.7835345,54.2962093],[8.7830099,54.2964935],[8.7800695,54.2954142],[8.7731603,54.2936443],[8.7739791,54.2921441],[8.7740153,54.291301],[8.7720498,54.2918473],[8.7714862,54.291625],[8.7705819,54.2917076]]]}},{"type":"Feature","properties":{"fid":128,"assigned":false,"name":"Welt","osm":"relation/1107767","km2":8.2},"geometry":{"type":"MultiPolygon","coordinates":[[[[8.7646639,54.3033395],[8.7678904,54.3022191],[8.7677444,54.3024876],[8.7700866,54.3031424],[8.770901,54.303103],[8.7709939,54.3035029],[8.7715013,54.3038811],[8.7713125,54.3043393],[8.771832,54.3046709],[8.772445,54.3047189],[8.77274,54.3043677],[8.7730098,54.3043705],[8.7735372,54.304028],[8.7762093,54.3045558],[8.7759868,54.3048661],[8.7760318,54.3050464],[8.7803107,54.3064871],[8.780313,54.3072875],[8.7804755,54.3075864],[8.7828195,54.3103213],[8.7845468,54.3110008],[8.8014182,54.3134492],[8.8027282,54.3137953],[8.8034148,54.3142103],[8.8058231,54.3144779],[8.80941,54.3153643],[8.8100402,54.3155704],[8.8107875,54.3161648],[8.8121346,54.3164],[8.8153723,54.3164266],[8.8185778,54.3168134],[8.8440635,54.3217235],[8.8407189,54.3170048],[8.8411344,54.3169296],[8.8405697,54.3160523],[8.8398051,54.3160391],[8.8314161,54.304207],[8.8317005,54.3041219],[8.8303244,54.3021535],[8.8304871,54.3018638],[8.8296708,54.3022839],[8.8293674,54.3022331],[8.8134165,54.2954928],[8.8117537,54.2980169],[8.8095169,54.2972333],[8.8099663,54.2964324],[8.8057361,54.2963642],[8.8054228,54.297171],[8.8017461,54.2970589],[8.801621,54.2976408],[8.7980374,54.2975278],[8.7979547,54.2948605],[8.7938612,54.2950094],[8.7939085,54.2955945],[8.7935173,54.2956509],[8.7935407,54.2977398],[8.7937525,54.2980191],[8.7941811,54.2980992],[8.7942382,54.2985205],[8.7905735,54.2980785],[8.7886612,54.2972671],[8.7835345,54.2962093],[8.7830099,54.2964935],[8.7800695,54.2954142],[8.7731603,54.2936443],[8.7739791,54.2921441],[8.7740153,54.291301],[8.7720498,54.2918473],[8.7714862,54.291625],[8.7706304,54.2916955],[8.7707095,54.2922664],[8.7704274,54.2934415],[8.7694839,54.2938794],[8.7690118,54.2944825],[8.7693966,54.2951391],[8.7690785,54.2957185],[8.7658337,54.3009584],[8.7644262,54.3018585],[8.7643751,54.3022634],[8.7645986,54.3025492],[8.764135,54.3031653],[8.7646639,54.3033395]]],[[[8.8684809,54.3382216],[8.8639392,54.3381626],[8.8645518,54.3389979],[8.8646101,54.3395603],[8.8656373,54.3417178],[8.8663313,54.3416985],[8.8672151,54.3427196],[8.868115,54.3429627],[8.8686651,54.3460921],[8.8736622,54.345891],[8.8687177,54.3388965],[8.8684809,54.3382216]]]]}},{"type":"Feature","properties":{"fid":129,"assigned":false,"name":"Wester-Ohrstedt","osm":"relation/1406818","km2":18.5},"geometry":{"type":"Polygon","coordinates":[[[9.1724709,54.4862806],[9.1741439,54.4863325],[9.1775137,54.4877063],[9.1803304,54.4878576],[9.1825505,54.4902846],[9.1862962,54.491454],[9.1899443,54.4912487],[9.1930694,54.4912897],[9.1953079,54.490627],[9.1963532,54.4905753],[9.2104118,54.4908391],[9.2156674,54.4911703],[9.2177811,54.4910856],[9.2408001,54.4893875],[9.2624157,54.4881324],[9.2738965,54.4858843],[9.274571,54.4865916],[9.2748398,54.4866332],[9.2765029,54.4860979],[9.2765498,54.4855242],[9.2766817,54.48543],[9.2794955,54.4843926],[9.2828047,54.4839637],[9.2851248,54.483015],[9.287447,54.481732],[9.2909615,54.4810856],[9.2924834,54.4805227],[9.2963433,54.4796674],[9.297561,54.4791038],[9.2997529,54.478421],[9.3024568,54.4780942],[9.3037141,54.4775307],[9.3105874,54.4774644],[9.3123323,54.4778502],[9.3089993,54.4806214],[9.3007132,54.4854314],[9.2998398,54.4910951],[9.2864325,54.4972186],[9.2760184,54.4982418],[9.2770042,54.4972694],[9.2748189,54.4961397],[9.2740476,54.49619],[9.2711173,54.4955794],[9.2689483,54.4954773],[9.2677535,54.4969016],[9.2676449,54.4973303],[9.267031,54.4980969],[9.2712221,54.498755],[9.2588561,54.500053],[9.2319459,54.5040471],[9.2257697,54.5052043],[9.2188438,54.5062486],[9.2151734,54.5088147],[9.2139426,54.5084605],[9.2117542,54.5112249],[9.2119786,54.5116072],[9.2111463,54.5118961],[9.2106642,54.512393],[9.2097676,54.5125864],[9.209077,54.5130735],[9.2074566,54.5125761],[9.2075413,54.5128833],[9.2064476,54.5145779],[9.2059934,54.5163691],[9.1797447,54.5184287],[9.1690705,54.5172056],[9.1577584,54.5149339],[9.1570489,54.5100048],[9.1585157,54.5056563],[9.1629614,54.4985555],[9.1656347,54.4986413],[9.1665819,54.4967127],[9.1673807,54.4945792],[9.1673374,54.4915498],[9.17037,54.491339],[9.1707248,54.4897261],[9.1717393,54.4873045],[9.1724709,54.4862806]]]}},{"type":"Feature","properties":{"fid":130,"assigned":false,"name":"Westerhever","osm":"relation/1395346","km2":13.3},"geometry":{"type":"Polygon","coordinates":[[[8.6895974,54.3726339],[8.6886294,54.3728287],[8.6831888,54.3720638],[8.6744403,54.3723601],[8.6739099,54.3719357],[8.6727261,54.37155],[8.6725676,54.3716652],[8.669992,54.3710437],[8.669088,54.3704282],[8.6689837,54.370181],[8.6675088,54.3696503],[8.6662425,54.3697186],[8.665748,54.3694446],[8.6642282,54.3694915],[8.663111,54.3698647],[8.6619152,54.3700362],[8.6588463,54.3721572],[8.656927,54.3726952],[8.6554151,54.3735858],[8.6547117,54.3737717],[8.6545662,54.3740198],[8.6538572,54.3744026],[8.648183,54.3786379],[8.6474596,54.3794809],[8.6473187,54.3802345],[8.6481395,54.3825562],[8.646687,54.3827687],[8.6466677,54.382293],[8.6459493,54.3807845],[8.6461772,54.3798724],[8.6454232,54.3793695],[8.6452897,54.3778223],[8.6450254,54.3772936],[8.6453695,54.3760389],[8.6448725,54.3745961],[8.6448948,54.3738193],[8.6451653,54.3729815],[8.6449606,54.3723246],[8.6444238,54.3722963],[8.6445871,54.3710409],[8.6451978,54.3707911],[8.6460537,54.3700062],[8.6456014,54.3696823],[8.6450583,54.3695941],[8.6439402,54.3702577],[8.6416646,54.3688474],[8.6412204,54.3687553],[8.6410908,54.3685437],[8.641324,54.3675229],[8.6397404,54.3663376],[8.6365933,54.3653864],[8.6349691,54.3658368],[8.6338254,54.3663598],[8.6340188,54.3673855],[8.6343632,54.3677231],[8.6354756,54.36789],[8.6352935,54.3682363],[8.6368985,54.3699437],[8.6379218,54.3698557],[8.6392161,54.3701769],[8.6391994,54.3698174],[8.6398208,54.3693636],[8.6409503,54.3703083],[8.6405609,54.3715952],[8.6396963,54.3728991],[8.6394336,54.3728819],[8.6392992,54.3733392],[8.6379259,54.3733488],[8.6374379,54.374109],[8.6370631,54.3757205],[8.6357395,54.3770924],[8.6347808,54.3786634],[8.6352132,54.3807745],[8.6363475,54.3821645],[8.6367204,54.3823097],[8.6382031,54.382217],[8.6391461,54.383691],[8.6402113,54.3848919],[8.6406233,54.3851601],[8.6408119,54.3857372],[8.6407679,54.3864314],[8.640118,54.3878908],[8.6388728,54.3890344],[8.6380088,54.3909987],[8.6381262,54.3911798],[8.6393542,54.3917805],[8.6402305,54.3928104],[8.6407006,54.3931155],[8.6421302,54.392736],[8.6422294,54.3925378],[8.6452195,54.3927063],[8.6466463,54.3938861],[8.6488822,54.3936618],[8.6496116,54.3926368],[8.6494317,54.391992],[8.6498694,54.3908925],[8.6499208,54.3903331],[8.6496543,54.3898211],[8.6490837,54.3871263],[8.6484501,54.3861344],[8.6480671,54.3858839],[8.6467308,54.3828808],[8.6481838,54.3826684],[8.6508374,54.3892078],[8.6515829,54.3899485],[8.6543447,54.3919292],[8.6551146,54.3922356],[8.660196,54.3958234],[8.6614485,54.3961518],[8.6632126,54.3961328],[8.6720896,54.4003969],[8.6734107,54.4007199],[8.6839557,54.4000687],[8.6990391,54.397684],[8.6989963,54.3961584],[8.7006158,54.3949273],[8.704,54.3916536],[8.7046106,54.3914683],[8.7080788,54.388226],[8.7097276,54.387048],[8.7106401,54.3857991],[8.710924,54.3840761],[8.7112098,54.3832839],[8.7116343,54.3829488],[8.7123227,54.3825959],[8.7132884,54.382391],[8.7281365,54.3797164],[8.7286546,54.3794189],[8.7289981,54.3790042],[8.7300713,54.3769654],[8.7320023,54.3750524],[8.7313122,54.3746612],[8.7302066,54.3745586],[8.7283824,54.3723935],[8.7279168,54.3711492],[8.7266709,54.3710095],[8.7243686,54.3710955],[8.7227639,54.3713425],[8.7142454,54.371716],[8.712791,54.3715698],[8.7117669,54.3717623],[8.7096384,54.3723639],[8.7068158,54.3757489],[8.7063389,54.3759579],[8.6997332,54.3756294],[8.6988327,54.375351],[8.6922741,54.374502],[8.6912131,54.3742794],[8.691242,54.3740701],[8.6895974,54.3726339]]]}},{"type":"Feature","properties":{"fid":131,"assigned":false,"name":"Westre","osm":"relation/1418486","km2":19.1},"geometry":{"type":"Polygon","coordinates":[[[8.9730876,54.8967463],[8.9775555,54.8957848],[8.9841489,54.8921706],[9.0145097,54.886525],[9.0295886,54.8804461],[9.0298595,54.8800657],[9.0289896,54.8785995],[9.0291106,54.8782979],[9.0365818,54.8757559],[9.0353716,54.8744141],[9.007478,54.8509088],[8.9970747,54.8428528],[8.9969548,54.8424031],[8.9967011,54.8424282],[8.9940909,54.8403997],[8.9941719,54.8402506],[8.9896983,54.8405962],[8.9848642,54.8391917],[8.9848886,54.8405832],[8.9690832,54.840764],[8.9551865,54.84364],[8.9577539,54.8464477],[8.957978,54.8465098],[8.9583259,54.8472735],[8.9611047,54.850644],[8.963351,54.8600275],[8.963155,54.8600421],[8.9633191,54.860543],[8.9634904,54.8605251],[8.9663881,54.8711894],[8.968603,54.8804865],[8.9730876,54.8967463]]]}},{"type":"Feature","properties":{"fid":132,"assigned":false,"name":"Winnert","osm":"relation/1404153","km2":18.9},"geometry":{"type":"Polygon","coordinates":[[[9.1839588,54.4184481],[9.1858719,54.4180417],[9.1867345,54.4176009],[9.1884751,54.4174698],[9.1889297,54.4172686],[9.1913913,54.4171092],[9.1950816,54.4171932],[9.1965685,54.4177074],[9.197884,54.4186389],[9.1992219,54.4192707],[9.1997779,54.4201149],[9.2005598,54.4206052],[9.2007335,54.4211612],[9.2013764,54.421874],[9.2032877,54.4226018],[9.2035038,54.4223077],[9.2041834,54.4219185],[9.2047279,54.4219723],[9.2052154,54.421641],[9.2073047,54.4210738],[9.2129246,54.4202129],[9.2200935,54.4188143],[9.2239692,54.4183462],[9.2239684,54.4187159],[9.2241318,54.4188979],[9.2692202,54.4126948],[9.2742205,54.4125089],[9.2743438,54.4122826],[9.275685,54.4125532],[9.275292,54.4132004],[9.2752873,54.4134224],[9.2756285,54.413771],[9.276197,54.4140204],[9.2788934,54.414608],[9.2809127,54.4159527],[9.280938,54.4167298],[9.2804791,54.4176499],[9.2792983,54.4188727],[9.2792408,54.4194693],[9.2795597,54.4199268],[9.280267,54.4201686],[9.2811742,54.4201575],[9.2834611,54.4191567],[9.2848459,54.4189351],[9.2901102,54.420911],[9.2762761,54.4299305],[9.2662278,54.4390306],[9.2635382,54.4413639],[9.2626062,54.4418272],[9.2622969,54.4422642],[9.2502226,54.4452388],[9.2427423,54.448038],[9.2404369,54.4482268],[9.2386793,54.4467716],[9.2376638,54.4464944],[9.2366492,54.4456679],[9.2307109,54.4444182],[9.2242832,54.4436943],[9.2162895,54.4445318],[9.2126071,54.4459593],[9.2067087,54.4457761],[9.1972291,54.4475819],[9.194714,54.4476722],[9.1899787,54.4475458],[9.1827129,54.4445486],[9.1829302,54.4400886],[9.1832283,54.4375406],[9.1829054,54.4340443],[9.1831553,54.4335837],[9.1830599,54.4330242],[9.1831712,54.4323723],[9.1834573,54.4317897],[9.1831632,54.431577],[9.1833461,54.4294454],[9.1835686,54.4289969],[9.1834653,54.427938],[9.1837144,54.4249524],[9.1835814,54.4249524],[9.1837366,54.4224501],[9.1838807,54.4223663],[9.1839029,54.42196],[9.1836701,54.4218374],[9.1839588,54.4184481]]]}},{"type":"Feature","properties":{"fid":133,"assigned":false,"name":"Wisch","osm":"relation/1405168","km2":3.0},"geometry":{"type":"Polygon","coordinates":[[[9.1400206,54.4206487],[9.1419019,54.4165989],[9.1422088,54.415316],[9.14251,54.4152256],[9.1435012,54.4155026],[9.142957,54.4165827],[9.1494099,54.4178527],[9.1496436,54.4177586],[9.1435702,54.4130724],[9.1434609,54.4111143],[9.1439103,54.409347],[9.143801,54.4088098],[9.145009,54.4063138],[9.1451285,54.405164],[9.1446677,54.4044548],[9.1458394,54.4043941],[9.1474343,54.4046963],[9.1506519,54.4045614],[9.1507817,54.4037248],[9.1528332,54.4036556],[9.1528332,54.4049865],[9.1559629,54.4051308],[9.1575296,54.4053877],[9.159666,54.4064848],[9.1596155,54.4066691],[9.1608356,54.4077475],[9.1610167,54.4076843],[9.1619041,54.4085591],[9.1646207,54.407621],[9.167432,54.4084005],[9.1678593,54.4088702],[9.1666819,54.4093454],[9.1748409,54.4216335],[9.1739213,54.4227016],[9.1716373,54.423013],[9.1674736,54.4232345],[9.1636972,54.4220577],[9.1620649,54.4217043],[9.159275,54.4214724],[9.1446523,54.4210222],[9.1400206,54.4206487]]]}},{"type":"Feature","properties":{"fid":134,"assigned":false,"name":"Wittbek","osm":"relation/1404155","km2":19.8},"geometry":{"type":"Polygon","coordinates":[[[9.1699863,54.4857215],[9.1703923,54.4854666],[9.1705293,54.4850352],[9.1711333,54.4844559],[9.173185,54.4807249],[9.1713206,54.4737035],[9.1705511,54.4711965],[9.1692056,54.4677565],[9.1690686,54.4652582],[9.170679,54.4651998],[9.1727307,54.4657066],[9.1742166,54.4656254],[9.1766677,54.4649611],[9.1798681,54.4645551],[9.1806998,54.4638588],[9.1838686,54.4634399],[9.1878383,54.4632991],[9.1958691,54.4642528],[9.1981762,54.4643087],[9.2007248,54.465194],[9.2055425,54.4652617],[9.2074537,54.4655003],[9.2073273,54.466573],[9.2087274,54.4666083],[9.2143895,54.4677258],[9.217678,54.4688335],[9.2171984,54.4702839],[9.2197386,54.4705961],[9.2196298,54.4710573],[9.2218344,54.4721478],[9.2241509,54.4747259],[9.2267136,54.4762382],[9.2337115,54.4751811],[9.2379341,54.4728124],[9.2397665,54.4723186],[9.2401383,54.4716781],[9.2412139,54.4712923],[9.2761237,54.466237],[9.2777437,54.4661443],[9.294357,54.469204],[9.3033288,54.4693357],[9.3033607,54.4688049],[9.30369,54.4684345],[9.3044548,54.4682308],[9.3063425,54.4684187],[9.3068217,54.4681385],[9.3074226,54.4668276],[9.3095903,54.4652474],[9.3107794,54.4638581],[9.3114258,54.4628807],[9.3121151,54.4611486],[9.3163342,54.4608636],[9.3202644,54.4609147],[9.3214866,54.4606542],[9.3219487,54.4603919],[9.3219646,54.459916],[9.3227889,54.4600103],[9.3224373,54.4614868],[9.3219843,54.4619145],[9.3186993,54.4622954],[9.3178444,54.4630471],[9.3156358,54.4638353],[9.3150519,54.464415],[9.3139262,54.4646749],[9.3130865,54.465273],[9.3131132,54.4662328],[9.3136261,54.4670209],[9.3156042,54.468137],[9.316005,54.4685191],[9.3161204,54.4688414],[9.3157749,54.4695431],[9.3161382,54.4703017],[9.318002,54.4720809],[9.3177523,54.4737372],[9.3171087,54.4748998],[9.3175595,54.4757797],[9.3144824,54.4776586],[9.3124234,54.4778524],[9.3105874,54.4774644],[9.3035122,54.4775527],[9.3024568,54.4780942],[9.2995896,54.4784628],[9.297561,54.4791038],[9.2963433,54.4796674],[9.2924834,54.4805227],[9.2909615,54.4810856],[9.287447,54.481732],[9.2851248,54.483015],[9.2828047,54.4839637],[9.2794955,54.4843926],[9.2766817,54.48543],[9.2765498,54.4855242],[9.2765029,54.4860979],[9.2748398,54.4866332],[9.274571,54.4865916],[9.2738965,54.4858843],[9.2624157,54.4881324],[9.2408001,54.4893875],[9.2166657,54.4911469],[9.2104118,54.4908391],[9.1963532,54.4905753],[9.1953079,54.490627],[9.1930694,54.4912897],[9.1899443,54.4912487],[9.1864317,54.4914629],[9.1825505,54.4902846],[9.1803304,54.4878576],[9.1775137,54.4877063],[9.1738986,54.4862638],[9.1724709,54.4862806],[9.1708055,54.4860334],[9.1699863,54.4857215]]]}},{"type":"Feature","properties":{"fid":135,"assigned":false,"name":"Witzwort","osm":"relation/1402990","km2":28.1},"geometry":{"type":"Polygon","coordinates":[[[8.9577727,54.4299443],[8.9693735,54.4289012],[8.974334,54.4281116],[8.9744908,54.42863],[8.9746266,54.4286324],[8.9769428,54.428432],[8.9989455,54.4281665],[9.0143303,54.4280349],[9.0186301,54.4281295],[9.0195714,54.4283359],[9.0198277,54.4288236],[9.0205568,54.4291963],[9.0242466,54.4299289],[9.0290853,54.4320495],[9.0317588,54.4333989],[9.0325763,54.4336431],[9.0338877,54.4337008],[9.0375439,54.4332039],[9.0376239,54.4333448],[9.0406258,54.4333492],[9.0427105,54.4335763],[9.0431123,54.433843],[9.0441169,54.435126],[9.0450644,54.435591],[9.0473594,54.4337439],[9.0489732,54.4331884],[9.0530984,54.4308924],[9.0525953,54.4300909],[9.0550721,54.429046],[9.0555782,54.4284019],[9.0558252,54.4273096],[9.0556904,54.4267897],[9.0512223,54.4208121],[9.0531186,54.4206039],[9.0548505,54.4199238],[9.0550155,54.4200594],[9.0560702,54.4197112],[9.0558743,54.4195199],[9.0576078,54.4187734],[9.0578098,54.4189153],[9.0582563,54.4187336],[9.0583713,54.4184083],[9.0610484,54.4172642],[9.0608062,54.4170586],[9.0611926,54.4168662],[9.061539,54.4167384],[9.0617842,54.4169575],[9.0627863,54.4165087],[9.0624686,54.416207],[9.0612461,54.416602],[9.0603686,54.4156487],[9.0599603,54.4157852],[9.0578048,54.4134762],[9.0565675,54.4138742],[9.0538081,54.4107737],[9.0521282,54.4111968],[9.0508989,54.4099953],[9.0479766,54.4105262],[9.0436927,54.406841],[9.0451023,54.4073561],[9.0441881,54.4064177],[9.0460851,54.4061959],[9.0442477,54.4045149],[9.0425227,54.4042667],[9.0412626,54.4037857],[9.0394964,54.4021854],[9.0399813,54.4020083],[9.0376676,54.3999951],[9.0358309,54.4002283],[9.0342553,54.397866],[9.0326257,54.398241],[9.0315655,54.3966396],[9.0331617,54.3963027],[9.0298322,54.3912597],[9.0320628,54.3906935],[9.0341498,54.3904872],[9.0337469,54.389536],[9.0332064,54.3896188],[9.0323063,54.387637],[9.0314382,54.387674],[9.0312374,54.3860314],[9.0266462,54.3851124],[9.0270062,54.3848051],[9.0261847,54.3845356],[9.0258189,54.3840488],[9.0272408,54.3834135],[9.0336783,54.3834414],[9.0336427,54.3831139],[9.034138,54.3831118],[9.0339997,54.3826053],[9.0341817,54.3825798],[9.0337438,54.3812397],[9.0354407,54.3802664],[9.0362505,54.3801327],[9.0361998,54.3798368],[9.035682,54.3794447],[9.0321939,54.3805511],[9.0287493,54.37913],[9.0260878,54.3783551],[9.0248015,54.378765],[9.0237668,54.3777504],[9.021364,54.3784011],[9.0201102,54.378546],[9.0112917,54.378779],[9.0095569,54.378668],[9.0048627,54.3774741],[9.0011511,54.3757155],[8.9998968,54.3765367],[8.9986108,54.3767346],[8.9995472,54.3773751],[8.9989818,54.3777121],[8.9983963,54.3777489],[8.9981474,54.3781006],[8.9982034,54.3782561],[8.9979197,54.3783775],[8.9980552,54.3787733],[8.9975294,54.3789853],[8.9973033,54.3793744],[8.9975824,54.3795945],[8.9964336,54.3803557],[8.9964172,54.3805428],[8.9875971,54.3834356],[8.9874012,54.3832313],[8.9760054,54.3872043],[8.9762998,54.3875752],[8.9687191,54.3901081],[8.9602309,54.3973599],[8.9597423,54.3979407],[8.9593647,54.3980962],[8.9570907,54.3999449],[8.9571286,54.400163],[8.9554402,54.4006975],[8.9517872,54.4039281],[8.9517857,54.4040648],[8.9542559,54.405026],[8.9746651,54.4127973],[8.9743462,54.4132231],[8.9658573,54.4193338],[8.9655962,54.4197172],[8.9658085,54.4203037],[8.9653339,54.4203221],[8.9650887,54.4205483],[8.9648982,54.4212709],[8.9619002,54.4210247],[8.9607903,54.4207893],[8.9577727,54.4299443]],[[8.9762508,54.3871728],[8.9873905,54.3832594],[8.9874966,54.3833637],[8.9764616,54.3874119],[8.9762508,54.3871728]],[[9.0521804,54.4113335],[9.0532793,54.4111271],[9.0533021,54.4112112],[9.0524716,54.4114544],[9.0521804,54.4113335]]]}}]}
